name,Teams,age,GP,W,L,Min,PTS,FGM,FGA,FG%,3PM,3PA,3P%,FTM,FTA,FT%,OREB,DREB,REB,AST,TOV,STL,BLK,PF,FP,DD2,TD3,+/-
A.J. Davis,DEL,24,2,2,0,46.9,4.8,1.6,3.2,50.0,0.0,0.0,0.0,1.6,3.2,50.0,6.3,3.2,9.5,1.6,1.6,0.0,0.0,11.1,17.0,0,0,-19.0
A.J. Hess,WIS,25,17,4,13,44.8,12.6,4.3,11.8,36.5,2.8,8.3,33.3,1.2,1.3,92.3,0.4,2.5,2.9,1.4,1.0,1.2,0.5,3.3,22.4,0,0,-1.8
AJ Mosby,ERI,23,19,7,12,45.6,13.0,5.1,11.8,43.6,2.0,5.3,37.1,0.8,0.9,83.3,0.6,4.4,5.0,5.6,2.4,2.3,0.5,4.2,33.0,0,0,-4.2
Aaron Epps,NAS,23,49,12,37,47.4,20.4,8.2,16.4,50.2,2.9,7.9,36.4,1.1,1.2,89.7,4.0,9.2,13.3,1.5,2.0,0.9,1.8,6.0,44.5,11,0,-3.6
Abdel Nader,OKL,25,3,3,0,45.2,36.9,13.6,26.8,50.9,2.5,9.6,26.3,7.1,10.1,70.0,2.0,8.1,10.1,5.6,4.0,2.5,0.0,2.5,60.9,1,0,18.7
Abdul Gaddy,OKL,27,49,33,16,45.9,14.9,6.0,10.8,55.7,1.3,2.8,44.9,1.6,3.0,54.8,0.8,4.1,4.8,11.6,3.7,1.3,0.2,3.9,39.0,11,0,5.2
Adam Woodbury,GRD,25,38,24,14,46.4,16.0,6.6,12.1,55.0,0.0,0.0,0.0,2.8,3.8,71.9,7.0,11.6,18.7,2.6,2.9,1.4,1.0,5.8,46.6,6,0,2.9
Akeem Springs,SLC,25,13,5,8,47.0,13.5,4.7,14.7,31.7,3.0,10.7,28.3,1.2,1.2,100,0.2,3.5,3.7,2.8,0.9,0.9,0.5,2.3,25.4,0,0,-19.1
Alan Williams,LIN,26,41,28,13,43.0,31.5,11.9,24.8,48.0,0.7,2.5,26.6,7.0,9.0,77.7,5.2,15.3,20.5,3.8,3.8,1.0,1.4,4.6,65.4,31,0,11.3
Alen Smailagic,SCW,18,47,32,15,45.6,23.7,9.0,18.1,49.5,1.1,4.3,24.4,4.7,7.2,65.9,5.6,4.9,10.5,2.6,3.6,2.3,2.4,6.1,50.8,3,0,5.8
Alex Caruso,SBL,25,27,12,15,44.9,22.1,7.5,18.2,41.0,1.7,6.3,26.9,5.5,6.8,81.0,1.5,4.3,5.8,9.3,5.3,3.4,1.0,3.4,51.1,4,0,0.8
Alex Poythress,ERI,25,18,8,10,45.0,30.7,13.0,25.2,51.6,1.5,5.1,29.6,3.2,4.5,69.8,3.7,8.9,12.6,3.8,4.7,1.6,1.7,3.9,56.7,8,0,-6.5
Alize Johnson,FWN,23,31,17,14,47.3,24.7,10.1,19.9,50.7,1.5,3.9,38.3,3.0,4.0,74.2,5.9,11.6,17.5,4.6,3.1,1.2,0.7,3.0,54.9,23,0,0.8
Amida Brimah,AUS,25,47,18,29,47.5,17.9,7.6,12.2,62.3,0.0,0.0,0.0,2.8,8.3,33.5,6.4,9.9,16.3,2.9,4.9,0.4,6.2,6.5,57.0,8,0,-5.5
Amile Jefferson,LAK,26,34,21,13,48.5,26.3,10.9,18.6,58.3,0.0,0.1,33.3,4.5,6.1,73.9,5.9,10.6,16.5,5.5,3.0,1.1,1.0,3.6,57.7,24,0,4.6
Amir Johnson,DEL,32,2,0,2,49.1,26.9,11.5,18.3,63.2,1.9,3.8,50.0,1.9,3.8,50.0,6.7,4.8,11.5,1.0,7.7,1.0,1.0,6.7,40.3,0,0,5.8
Amjyot Singh,WIS,27,13,5,8,45.4,8.2,3.2,12.1,26.5,1.8,8.6,20.8,0.0,0.0,0.0,0.7,3.9,4.6,3.2,2.5,0.4,0.7,5.0,19.3,0,0,-13.9
Andre Ingram,SBL,33,37,13,24,45.8,16.6,5.8,14.6,39.7,3.0,8.4,35.8,2.0,2.4,83.3,0.9,4.4,5.3,1.8,1.1,1.3,0.2,2.6,28.9,0,0,-4.7
Andre Spight,WIS,24,9,3,6,46.1,9.6,3.8,12.1,31.6,1.9,8.6,22.2,0.0,0.0,0.0,0.6,1.9,2.6,2.2,0.3,1.0,0.3,1.9,19.5,0,0,-14.4
Andrew White III,MNE,26,50,19,31,47.1,19.8,6.9,16.2,42.6,3.7,9.8,37.6,2.3,2.7,87.4,0.6,5.2,5.8,1.5,1.8,0.7,0.5,3.1,30.8,0,0,-6.4
Anfernee Simons,ACC,20,4,2,2,47.0,35.8,13.5,31.1,43.3,5.2,10.9,47.6,3.6,4.1,87.5,1.6,4.1,5.7,2.1,6.2,0.5,1.0,7.3,44.1,0,0,-8.3
Angel Delgado,ACC,24,44,25,19,48.1,26.7,11.5,18.7,61.5,0.3,1.0,25.8,3.4,5.6,61.2,5.8,15.5,21.2,4.1,4.3,1.0,1.6,3.7,61.7,36,0,1.2
Angel Rodriguez,RGV,26,10,6,4,46.1,21.5,7.2,18.1,39.8,2.1,6.3,33.3,4.9,5.5,90.3,2.1,4.4,6.5,9.0,4.4,3.2,0.2,5.6,48.4,1,0,6.0
Anthony Bennett,ACC,26,25,14,11,45.9,26.7,8.9,16.5,53.7,4.6,10.4,44.9,4.3,5.2,83.1,2.2,7.9,10.1,2.9,2.8,1.9,0.8,4.1,48.5,1,0,-2.1
Anthony Brown,LAK,26,27,19,8,48.3,21.5,8.0,19.4,41.3,2.8,8.1,34.4,2.7,3.3,81.1,1.4,7.5,8.9,3.9,3.6,1.5,0.9,3.3,41.6,2,0,3.8
Anthony Roberson,OKL,24,11,6,5,46.9,5.5,2.7,10.0,27.3,0.0,1.8,0.0,0.0,0.0,0.0,2.7,7.7,10.5,0.5,2.7,1.4,0.9,6.4,22.8,0,0,-21.4
Anthony Walker,STO,25,37,21,16,45.9,17.5,7.3,11.9,61.5,0.0,0.0,0.0,2.9,5.2,56.1,5.3,7.2,12.5,1.2,4.0,1.2,4.3,7.8,46.7,1,0,-4.9
Antonio Blakeney,WCB,22,2,1,1,47.3,25.2,10.6,25.8,41.0,1.3,3.3,40.0,2.6,4.0,66.7,1.3,9.9,11.3,4.6,2.6,0.7,0.0,5.3,45.0,1,0,6.6
Antonio Campbell,LAK,24,43,28,15,46.5,27.9,10.8,22.4,48.1,4.1,10.5,38.9,2.3,3.1,73.1,3.0,7.3,10.2,3.0,3.2,1.7,1.0,7.6,49.6,0,0,2.1
Antonius Cleveland,SCW,25,42,29,13,46.4,19.5,7.4,16.2,45.9,1.7,4.6,36.0,3.0,4.3,70.9,2.0,6.9,8.8,3.6,2.5,2.8,1.3,4.3,45.2,2,0,2.7
Archie Goodwin,MNE,24,29,12,17,46.2,26.6,9.9,21.4,46.1,1.3,5.3,24.2,5.5,8.7,63.6,2.1,6.4,8.5,6.3,3.7,1.9,1.1,2.9,51.7,1,0,-3.3
Asauhn Dixon-Tatum,TEX,28,10,3,7,45.2,14.1,6.5,10.6,61.9,0.0,0.0,0.0,1.0,3.3,30.8,4.0,6.3,10.3,0.0,1.3,1.3,2.8,7.1,37.3,0,0,-1.0
Austin Chatman,SXF,26,14,9,5,45.4,8.4,3.1,9.0,34.5,2.2,6.2,35.0,0.0,0.6,0.0,0.9,2.8,3.7,6.5,3.4,1.5,0.0,8.0,23.8,0,0,-9.0
BJ Johnson,LAK,23,39,25,14,47.4,24.5,8.8,18.4,47.6,3.1,7.0,44.2,3.9,4.6,84.1,2.2,6.0,8.2,2.2,2.7,2.3,0.9,3.3,44.4,2,0,1.0
Ben Moore,AUS,24,47,21,26,47.3,21.0,7.6,13.9,54.4,0.9,2.4,36.2,5.0,6.4,78.3,5.7,8.6,14.3,3.6,2.8,2.0,1.2,4.6,50.2,14,0,0.2
Billy Garrett,WES,24,48,28,20,46.6,25.8,9.5,20.2,47.0,1.8,5.7,31.6,5.0,5.8,85.6,0.3,4.7,5.0,5.8,3.3,1.2,0.2,3.6,41.4,0,0,5.7
Billy Preston,TEX,21,27,10,17,46.6,18.8,6.6,17.1,38.5,2.2,6.0,36.1,3.5,4.6,76.6,1.4,10.2,11.6,1.5,2.7,1.2,0.7,6.0,37.8,1,0,-5.3
Bonzie Colson,WIS,23,46,16,30,46.0,22.2,8.6,19.0,45.2,2.3,7.0,33.5,2.7,3.9,70.6,2.6,7.7,10.3,2.3,1.9,1.2,1.7,3.0,45.0,11,0,-2.6
Brad Wanamaker,MNE,29,2,0,2,46.1,35.8,12.5,27.5,45.5,4.2,7.5,55.6,6.7,8.3,80.0,0.0,4.2,4.2,6.7,4.2,1.7,0.0,4.2,51.7,0,0,-5.0
Braian Angola-Rodas,LAK,25,38,26,12,47.4,19.1,6.3,15.1,41.7,2.7,7.7,35.1,3.8,4.4,87.1,1.7,6.9,8.7,5.0,1.8,2.9,1.1,4.7,47.1,2,0,3.8
Brandon Fields,ACC,30,49,25,24,47.3,16.9,6.2,15.4,40.4,2.7,7.7,35.2,1.8,2.2,81.3,0.3,2.9,3.1,7.3,2.8,1.4,0.4,2.6,34.3,1,0,-2.9
Brandon Goodwin,IWA,23,26,12,14,45.7,27.4,10.5,21.6,48.6,2.8,7.3,38.6,3.6,5.0,72.4,1.7,6.9,8.6,7.0,3.2,1.6,0.3,2.6,50.6,9,0,4.4
Brandon Knight,RGV,27,2,1,1,49.7,32.6,12.0,28.3,42.3,7.6,19.6,38.9,1.1,1.1,100,0.0,2.2,2.2,8.7,7.6,1.1,0.0,3.3,43.9,0,0,8.7
Brandon McCoy,WIS,21,41,6,35,44.2,23.9,10.0,21.2,46.9,0.2,1.9,12.5,3.7,6.3,59.3,6.0,10.0,16.1,1.9,4.8,1.3,1.9,6.6,51.0,4,0,-14.4
Brandon Sampson,WCB,22,37,19,18,46.3,23.3,8.1,17.8,45.4,3.2,8.4,37.9,4.0,4.7,84.9,0.7,5.3,6.0,4.3,3.9,1.0,0.3,2.6,37.2,2,0,-0.1
Briante Weber,SXF,26,33,20,13,45.1,21.6,8.5,16.5,51.6,1.3,3.2,41.9,3.2,4.1,78.7,1.3,5.2,6.5,8.9,4.1,4.2,0.6,3.7,53.0,4,1,4.3
Bruce Brown,GRD,22,2,1,1,47.9,22.6,8.8,23.4,37.5,0.0,2.9,0.0,5.1,8.0,63.6,5.8,6.6,12.4,5.1,2.9,1.5,2.2,4.4,53.2,0,0,0.0
Bruno Caboclo,RGV,23,28,18,10,46.1,26.6,9.7,18.9,51.1,4.0,9.1,43.3,3.4,4.5,74.4,4.5,7.4,11.9,2.6,3.0,2.2,5.1,6.2,63.5,8,0,11.5
Bryce Alford,OKL,24,50,34,16,46.0,21.0,6.7,16.8,39.8,4.1,11.6,34.8,3.6,4.3,83.3,0.3,4.6,4.9,5.5,2.5,1.4,0.2,1.8,37.3,0,0,6.1
Buay Tuach,WES,24,13,8,5,45.7,9.9,4.1,9.1,45.5,1.4,5.0,27.8,0.3,0.6,50.0,0.6,6.1,6.6,2.2,1.7,1.9,0.6,4.1,26.9,0,0,-8.8
Bubu Palo,SXF,27,40,23,17,45.8,19.3,5.2,11.5,45.7,1.2,2.7,44.0,7.6,9.1,83.2,1.7,4.3,6.0,6.6,3.4,0.8,0.2,4.5,36.0,5,0,4.7
Byron Mullens,LAK,30,6,2,4,48.0,23.0,8.1,21.8,37.0,4.0,10.5,38.5,2.8,4.0,70.0,1.6,10.5,12.1,2.8,4.4,0.8,3.6,3.6,50.6,1,0,-25.8
C.J. Anderson,SXF,23,39,16,23,44.0,9.0,3.1,8.3,37.8,0.8,2.5,31.0,1.9,2.4,82.1,2.2,5.3,7.5,4.7,2.7,0.9,0.2,5.0,25.7,0,0,3.0
C.J. Williams,IWA,29,36,17,19,46.3,21.9,8.0,19.8,40.5,4.2,11.5,36.5,1.7,2.2,76.5,0.8,5.0,5.8,3.1,2.2,1.4,0.9,4.0,38.4,1,0,5.6
CJ Fair,WCB,27,46,24,22,47.1,19.5,7.2,14.3,50.6,0.9,3.1,29.0,4.1,5.6,73.1,2.6,8.4,10.9,4.4,2.0,1.9,1.8,2.6,48.3,12,0,-0.8
CJ Leslie,TEX,28,10,3,7,46.7,17.3,6.7,18.8,35.5,0.7,5.4,13.6,3.2,5.4,59.1,4.9,5.9,10.9,1.7,2.7,2.2,1.2,5.2,40.6,0,0,-6.7
Caleb Swanigan,STO,22,12,8,4,45.6,21.6,8.6,18.5,46.2,0.4,2.2,18.8,4.1,5.8,70.7,5.8,12.6,18.4,4.1,6.2,1.5,1.0,5.1,51.2,6,0,0.8
Cameron Oliver,DEL,22,26,11,15,45.7,26.8,10.4,17.8,58.5,1.1,4.0,27.9,4.8,6.3,76.8,3.8,12.0,15.9,3.2,4.4,2.1,3.6,5.5,63.4,10,0,-0.8
Cameron Reynolds,STO,24,33,19,14,45.8,26.2,9.5,20.8,45.9,4.9,11.6,41.9,2.3,2.9,78.0,1.3,5.7,7.0,1.9,1.6,1.1,0.8,3.4,41.6,1,0,-1.4
Cameron Rundles,AUS,31,21,11,10,46.1,8.8,3.0,7.6,39.0,0.7,3.4,22.2,2.0,2.6,78.6,0.6,3.9,4.5,4.8,3.2,1.1,0.2,6.9,22.1,0,0,-8.8
Canyon Barry,IWA,25,42,14,28,46.6,17.3,5.8,12.3,47.5,2.2,5.5,40.4,3.4,4.0,83.8,0.8,6.2,6.9,2.6,2.0,0.9,0.8,2.2,32.6,1,0,-1.2
Cat Barber,ERI,24,41,19,22,45.9,25.1,9.4,21.4,44.0,1.1,4.8,22.8,5.1,7.7,67.0,1.1,4.8,5.9,8.6,4.3,1.6,0.2,2.9,46.3,5,0,-3.5
Chance Comanche,CTN,23,27,14,13,47.7,16.0,5.0,11.4,43.8,0.0,0.1,0.0,6.0,7.6,79.7,5.8,8.3,14.1,1.9,2.3,0.6,2.6,8.1,43.2,1,0,-4.2
Charles Cooke,SXF,24,40,21,19,45.2,20.6,7.5,16.3,46.2,2.0,5.9,34.1,3.5,4.5,77.8,1.6,4.2,5.7,3.3,2.4,1.5,0.8,2.9,36.7,0,0,-1.8
Chasson Randle,CAP,26,8,5,3,45.3,30.8,11.2,21.8,51.5,4.4,9.1,48.2,4.1,5.0,80.6,0.8,4.4,5.2,6.0,4.4,2.3,0.2,5.0,49.0,1,0,2.6
Chimezie Metu,AUS,22,26,8,18,46.7,24.0,9.8,20.0,49.0,0.3,1.3,21.1,4.1,6.2,67.0,2.6,10.1,12.7,4.0,5.3,1.1,2.3,4.1,50.3,4,0,-6.9
Chinanu Onuaku,GBO,22,44,21,23,45.4,21.8,8.8,17.2,50.8,0.3,1.8,16.0,4.0,6.2,64.4,4.8,14.8,19.5,4.9,5.0,2.1,2.7,5.4,62.2,32,0,2.9
Chris Boucher,RAP,26,28,20,8,45.6,36.2,12.9,25.2,51.0,2.9,9.3,31.6,7.5,9.8,76.2,3.8,11.4,15.1,1.5,2.7,1.6,5.5,3.9,75.2,19,0,11.1
Chris Chiozza,CAP,23,47,25,22,46.1,18.2,6.8,15.5,43.8,2.4,6.0,40.7,2.2,2.9,76.0,0.8,5.7,6.5,10.7,3.7,2.7,0.2,3.2,46.8,7,0,0.4
Chris McCullough,RGV,24,7,4,3,44.4,32.3,13.8,29.1,47.3,1.1,5.3,20.0,3.7,6.3,58.3,9.5,7.4,16.9,1.1,4.2,1.6,3.2,7.4,64.2,1,0,-4.8
Chris Walker,RGV,24,49,34,15,44.5,18.8,7.5,12.8,59.0,0.0,0.1,0.0,3.7,6.8,54.1,5.5,8.8,14.3,2.8,3.6,1.7,2.9,4.9,50.3,2,0,-2.8
Chris Wright,OKL,30,38,26,12,45.3,24.5,10.0,16.8,59.6,0.4,1.5,25.0,4.1,6.0,68.0,3.0,6.8,9.8,2.5,2.9,2.9,2.3,6.6,52.8,0,0,-1.1
Christian Watford,RAP,28,48,28,20,46.2,12.8,4.1,11.9,34.5,3.2,9.4,33.7,1.5,1.7,85.3,1.0,6.6,7.6,2.0,1.1,1.3,0.6,3.8,29.6,0,0,-6.5
Christian Wood,WIS,23,28,9,19,46.4,38.5,14.1,25.2,55.8,1.2,4.6,26.5,9.2,12.2,75.3,5.2,13.1,18.3,3.1,3.8,1.3,2.8,3.4,73.7,25,0,-4.1
Cinmeon Bowers,WIS,26,8,1,7,44.4,17.4,6.9,19.7,35.0,1.0,3.3,30.0,2.6,3.3,80.0,8.9,7.2,16.1,5.6,1.6,1.3,2.0,4.6,53.2,1,0,-11.5
Codi Miller-McIntyre,TEX,25,8,4,4,44.7,13.0,4.4,11.8,37.7,1.1,5.1,21.2,3.1,4.0,76.9,0.2,6.9,7.1,8.0,3.8,2.3,0.2,2.3,37.0,1,0,-4.9
Cody Demps,STO,25,50,30,20,45.8,17.7,6.2,13.9,44.8,1.2,3.9,31.5,4.0,5.0,80.8,2.1,5.0,7.1,5.0,2.9,1.7,0.4,4.7,37.2,3,0,2.5
Connor Burchfield,SXF,24,13,6,7,43.4,10.4,3.7,11.5,32.3,1.9,7.8,23.8,1.1,1.9,60.0,0.4,5.2,5.6,2.2,2.6,1.1,0.0,2.6,21.1,0,0,-17.0
Corey Henderson,AUS,23,5,2,3,44.1,11.0,3.7,14.2,25.8,1.4,6.4,21.4,2.3,3.7,62.5,0.5,2.3,2.8,3.2,3.2,0.9,0.0,4.6,18.7,0,0,-8.3
Cory Jefferson,DEL,28,22,9,13,45.4,17.5,5.7,14.6,38.8,3.1,9.3,33.3,3.0,4.4,68.6,2.5,7.1,9.6,1.7,2.4,0.5,1.2,3.6,34.3,0,0,-2.7
Courtney Lee,WES,33,1,0,1,45.9,23.2,10.1,30.4,33.3,1.4,13.0,11.1,1.4,1.4,100,0.0,10.1,10.1,4.3,4.3,1.4,0.0,4.3,41.9,0,0,-10.1
Craig Sword,ERI,25,49,24,25,43.8,17.6,6.3,12.8,49.4,1.7,5.4,32.2,3.1,4.4,71.6,1.2,4.9,6.1,3.4,2.5,2.7,2.3,5.7,42.5,0,0,-0.1
D.J. Hogg,DEL,22,43,19,24,45.5,19.8,7.0,16.8,41.6,4.3,11.6,36.6,1.6,1.8,90.2,1.2,5.9,7.2,2.6,2.5,1.6,1.9,3.4,40.3,1,0,-2.9
D.J. Wilson,WIS,23,6,2,4,44.0,25.9,10.1,19.0,53.3,4.1,8.9,46.4,1.6,2.8,55.6,1.9,7.6,9.5,3.8,2.2,2.2,1.3,4.1,51.3,1,0,-8.2
DJ Stephens,MHU,28,10,6,4,46.1,16.3,5.4,12.1,45.0,2.4,6.8,35.3,3.0,3.0,100,2.2,7.8,10.1,1.8,1.6,0.4,1.4,4.2,34.9,0,0,18.3
Dakarai Allen,GRD,24,39,24,15,45.3,13.2,5.7,11.3,50.8,0.5,1.9,29.0,1.2,2.0,60.6,1.1,5.9,7.0,1.3,1.9,2.0,1.1,5.1,31.1,0,0,4.2
Dakarai Tucker,RGV,25,49,34,15,45.0,22.7,8.3,18.9,43.9,4.8,12.5,38.3,1.4,1.7,77.6,1.8,3.8,5.6,2.8,3.2,1.3,0.4,2.7,35.5,0,0,-0.4
Dallas Lauderdale,MNE,30,29,11,18,48.5,11.6,5.3,7.2,73.8,0.0,0.0,0.0,0.9,2.4,37.0,3.7,7.7,11.4,2.2,2.3,0.4,3.5,5.6,37.9,0,0,-10.0
Damion Lee,SCW,26,24,16,8,46.8,30.1,10.4,22.0,47.3,3.0,7.6,39.8,6.3,7.6,82.8,1.2,7.7,8.9,3.3,2.7,2.0,0.1,3.0,49.1,2,0,5.6
Daniel Dixon,NAS,25,29,6,23,47.2,16.8,6.4,16.0,39.7,2.4,7.8,30.8,1.7,2.9,59.1,0.7,6.0,6.7,4.2,3.3,1.3,0.4,3.5,32.9,0,0,-10.3
Daniel Hamilton,RGV,23,5,4,1,44.1,22.5,9.6,20.7,46.4,1.8,6.3,28.6,1.5,2.1,71.4,2.1,12.3,14.4,9.0,4.5,0.6,0.9,3.0,53.3,4,1,9.6
Daniel Ochefu,STO,25,39,25,14,46.0,28.2,11.4,19.1,59.7,0.1,0.4,22.2,5.3,7.1,75.2,5.2,11.7,16.9,4.3,3.9,2.1,2.1,5.7,63.5,18,0,3.5
Danuel House Jr.,RGV,26,18,13,5,44.5,27.4,8.9,21.0,42.3,3.8,11.5,32.5,5.9,7.6,77.7,0.8,5.3,6.1,4.9,3.2,1.8,0.9,2.3,46.8,0,0,5.3
Darel Poirier,CAP,22,40,18,22,46.1,20.7,8.4,16.7,50.2,0.9,2.7,33.3,3.1,4.8,64.3,2.4,7.0,9.5,1.9,3.5,0.7,2.3,5.4,40.7,0,0,-6.9
Darius Johnson-Odom,IWA,29,46,17,29,46.3,30.0,10.4,21.0,49.7,2.6,7.4,34.6,6.6,7.9,82.8,1.0,5.0,5.9,5.8,3.8,2.0,0.6,4.4,49.7,3,0,-3.2
Darius Morris,SCW,28,34,23,11,46.9,24.2,9.0,22.3,40.4,2.4,8.3,29.4,3.7,5.4,68.1,1.3,4.0,5.3,10.3,6.0,1.0,0.2,2.7,43.6,4,1,2.7
Daryl Macon,TEX,23,41,13,28,46.8,25.9,8.6,20.4,42.3,2.3,6.7,33.5,6.4,7.6,83.5,1.0,3.5,4.5,8.4,3.6,1.4,0.2,2.8,45.0,5,0,-7.9
Davon Reed,FWN,24,34,18,16,47.3,19.0,7.1,17.8,39.7,2.4,7.4,32.6,2.5,3.3,75.3,1.5,6.9,8.4,4.5,3.3,2.0,0.6,2.9,40.3,3,0,1.0
Daxter Miles Jr.,NAS,24,49,12,37,47.3,18.9,7.1,17.3,41.0,2.5,8.9,28.7,2.1,3.2,67.1,1.5,3.1,4.7,4.5,2.4,2.3,0.2,4.8,36.3,0,0,-8.5
De'Anthony Melton,NAS,21,6,2,4,47.9,24.9,9.4,23.4,40.4,2.7,10.1,26.7,3.4,4.5,75.0,2.0,7.2,9.2,8.8,6.3,2.2,0.9,4.3,52.3,1,0,-0.2
DeAndre Daniels,TEX,27,8,2,6,47.8,14.6,6.1,14.9,40.9,0.7,5.1,13.3,1.7,2.7,62.5,4.7,8.5,13.2,2.7,1.0,0.3,3.4,5.4,44.7,1,0,-14.6
DeAndre Liggins,SXF,31,25,16,9,46.3,15.8,5.4,12.8,42.0,3.2,8.3,38.3,1.9,2.9,65.3,0.6,6.5,7.1,8.4,4.5,1.9,0.7,3.5,40.3,3,0,5.9
DeJuan Blair,AUS,30,23,12,11,46.6,29.0,11.1,22.5,49.3,0.0,0.0,0.0,6.8,11.0,62.2,5.5,9.2,14.7,6.1,4.3,2.8,1.3,7.9,63.9,0,0,-5.5
DeVaughn Akoon-Purcell,DEL,26,2,1,1,45.6,38.6,11.0,25.2,43.8,5.5,9.4,58.3,11.0,13.4,82.4,0.8,6.3,7.1,6.3,5.5,3.1,0.8,5.5,62.8,0,0,25.2
Demarcus Holland,ACC,25,38,23,15,46.9,16.4,6.5,15.0,43.3,1.3,4.1,31.9,2.1,2.4,85.4,2.0,4.6,6.6,3.2,2.7,1.8,0.5,3.8,33.2,0,0,-5.1
Demetre Rivers,MNE,23,2,0,2,52.8,7.4,3.7,18.5,20.0,0.0,11.1,0.0,0.0,0.0,0.0,3.7,3.7,7.4,0.0,3.7,0.0,0.0,7.4,12.6,0,0,-40.7
Demetri McCamey,AUS,30,25,8,17,45.4,14.3,5.9,14.5,40.5,1.7,6.1,28.3,0.8,0.8,100,0.5,4.1,4.6,6.0,2.8,1.5,0.2,4.0,31.2,0,0,-2.4
Demetrius Denzel-Dyson,FWN,24,43,20,23,47.1,17.8,6.0,14.9,40.5,3.5,8.5,41.3,2.2,2.7,81.8,1.5,5.6,7.0,1.5,2.4,1.2,0.4,3.3,31.0,0,0,-3.1
Demetrius Jackson,DEL,24,8,2,6,45.3,25.1,9.1,20.2,44.8,2.4,7.9,30.6,4.5,5.2,87.5,1.8,4.0,5.8,9.5,5.0,1.5,0.3,5.2,46.7,2,0,-6.1
Deng Adel,CTN,22,37,20,17,46.4,18.9,7.1,16.6,43.0,1.6,5.2,31.5,3.0,3.9,77.1,1.0,7.1,8.1,3.7,3.0,1.0,0.7,2.2,36.4,3,0,2.9
Deonte Burton,OKL,25,24,20,4,45.2,25.8,9.1,20.2,45.3,2.0,6.5,31.1,5.5,7.3,74.8,1.6,6.0,7.6,5.1,4.3,3.4,1.5,2.8,53.0,0,0,7.7
Deonte Burton,SLC,27,41,21,20,47.3,13.5,4.8,13.1,36.7,1.5,4.7,31.8,2.4,4.4,54.4,0.5,3.0,3.5,7.4,3.1,1.7,0.5,3.9,32.4,1,0,-0.1
Derek Cooke Jr.,RAP,27,45,18,27,47.3,16.2,6.9,13.8,50.3,0.0,0.2,20.0,2.3,3.6,63.5,8.6,10.3,18.9,2.5,2.5,2.8,1.6,4.2,53.3,18,0,2.4
Derrick Griffin,SBL,25,25,8,17,45.4,23.7,10.5,17.0,61.6,0.0,0.0,0.0,2.7,5.2,53.3,7.9,7.2,15.1,2.1,2.4,1.0,1.5,5.8,50.3,0,0,-11.9
Desi Rodriguez,ACC,23,49,26,23,46.7,17.3,6.7,15.8,42.5,1.4,5.2,27.5,2.4,3.6,66.3,2.3,5.8,8.0,4.2,2.7,1.6,1.2,3.4,38.8,2,0,0.9
Devin Davis,LAK,24,41,27,14,46.4,17.2,7.1,14.3,49.8,1.0,3.2,30.6,2.0,2.5,78.9,1.8,8.4,10.3,3.5,2.3,2.0,0.8,4.9,41.1,1,0,8.9
Devin Robinson,CAP,24,22,12,10,45.8,26.8,10.4,19.0,54.8,1.5,4.9,30.0,4.5,6.3,71.8,2.2,8.7,10.9,2.0,3.4,1.5,1.0,3.5,47.3,8,0,5.6
Devin Sweetney,CAP,31,17,9,8,46.0,16.2,6.1,16.2,37.7,2.4,8.0,30.0,1.6,1.6,100,1.3,6.9,8.2,1.6,3.5,1.9,0.5,5.9,32.2,0,0,-6.4
Devon Baulkman,WES,27,39,24,15,46.2,16.6,6.4,16.1,39.9,2.4,7.0,34.7,1.3,1.6,79.3,1.8,4.9,6.7,2.4,2.1,1.7,1.2,4.5,34.9,1,0,3.2
Devon Bookert,AUS,26,12,3,9,46.5,10.0,4.1,10.3,39.5,1.9,5.7,33.3,0.0,0.0,0.0,0.7,3.3,4.1,10.3,3.1,1.4,0.7,5.0,33.6,0,0,-12.4
Devon Hall,OKL,23,10,9,1,46.2,15.9,5.5,14.6,37.3,4.1,9.8,42.2,0.9,0.9,100,0.4,2.6,3.1,3.3,0.9,0.9,0.4,3.3,27.6,0,0,4.1
Devonte' Graham,GBO,24,13,8,5,45.5,31.2,10.7,24.5,43.7,5.1,13.2,38.3,4.7,6.0,79.3,0.8,5.4,6.2,6.6,3.8,2.1,0.0,1.9,50.9,1,0,4.1
Deyonta Davis,SCW,22,43,30,13,47.6,19.8,9.4,15.9,59.2,0.0,0.1,0.0,0.9,1.1,83.3,3.8,11.3,15.1,2.6,2.4,1.8,2.7,6.8,52.9,5,0,2.8
Dez Wells,OKL,27,40,29,11,45.1,24.7,8.8,18.4,47.9,1.1,3.4,32.9,5.9,7.6,78.2,1.0,5.0,5.9,5.8,4.3,2.2,0.6,4.5,44.5,0,0,7.8
Diamond Stone,RGV,22,33,19,14,45.3,31.1,13.2,25.1,52.5,1.7,5.6,29.3,3.0,3.9,77.5,5.0,8.9,14.0,1.6,4.0,1.7,2.2,5.8,58.1,3,0,-1.4
Dikembe Dixson,CAP,22,12,7,5,45.6,25.5,8.5,16.6,51.2,3.6,7.3,50.0,4.9,6.1,80.0,2.0,4.5,6.5,0.8,2.8,2.0,0.4,5.3,38.9,0,0,-10.1
Donte DiVincenzo,WIS,22,4,0,4,42.3,22.9,8.3,19.2,43.1,2.6,9.8,26.9,3.8,4.5,83.3,2.6,3.4,6.0,3.0,6.8,1.9,1.5,3.4,38.0,0,0,-5.6
Donte Grantham,OKL,24,33,22,11,46.5,18.4,6.5,16.1,40.3,3.5,9.4,37.2,1.9,2.4,80.4,1.8,9.5,11.2,3.9,2.2,1.7,0.6,2.6,42.5,2,0,4.9
Donte Ingram,TEX,22,42,13,29,46.3,11.2,4.3,11.3,37.6,1.9,6.6,29.3,0.7,1.4,52.6,1.8,4.8,6.6,1.8,1.0,1.2,0.4,2.8,25.4,0,0,-7.8
Doral Moore,MHU,22,50,28,22,45.9,20.9,8.9,14.0,63.7,0.0,0.0,0.0,3.1,5.3,57.9,4.7,11.0,15.6,1.8,3.8,0.9,4.1,5.9,53.6,7,0,4.2
Drew Eubanks,AUS,22,32,11,21,46.3,30.2,12.4,19.1,65.0,0.0,0.1,0.0,5.4,6.7,80.9,3.6,10.6,14.2,2.7,3.5,0.7,4.6,4.7,63.8,12,0,-4.9
Drew Gordon,LIN,28,35,20,15,43.5,19.8,8.0,16.1,49.8,0.4,2.4,16.1,3.4,5.6,61.1,5.9,12.1,18.1,2.4,2.2,1.0,1.2,4.0,49.6,5,0,-0.2
Duane Notice,RAP,24,47,26,21,46.0,15.4,5.5,13.1,41.6,2.4,6.3,38.5,2.0,2.9,69.3,0.9,3.6,4.5,4.3,2.0,1.4,0.2,2.4,30.1,0,0,0.1
Duje Dukan,CAP,27,31,15,16,45.1,20.9,6.8,14.8,45.8,2.2,6.3,34.6,5.1,6.4,79.5,2.8,6.1,8.9,2.4,1.8,1.2,0.5,6.0,38.7,1,0,0.2
Duke Mondy,SXF,28,14,2,12,44.9,14.7,5.4,14.7,36.6,2.6,7.2,36.7,1.3,1.8,75.0,0.7,4.1,4.8,5.5,3.1,3.4,0.3,3.6,36.7,0,0,-15.6
Duncan Robinson,SXF,25,33,18,15,45.4,26.3,9.1,17.7,51.4,5.9,12.1,48.3,2.3,2.8,80.3,0.6,4.8,5.3,3.7,2.1,1.2,0.2,3.3,40.5,1,0,3.8
Dusty Hannahs,MHU,25,49,27,22,45.7,25.9,9.3,19.6,47.7,3.1,7.6,41.3,4.1,4.4,92.6,0.5,2.7,3.2,2.5,2.6,0.8,0.2,3.5,33.7,0,0,2.7
Dwayne Bacon,GBO,23,17,10,7,46.3,32.1,12.0,29.3,40.9,2.3,9.1,25.2,5.9,7.2,81.2,1.5,8.6,10.1,3.1,2.6,1.5,0.3,2.7,51.5,3,0,-0.9
Dzanan Musa,LIN,20,36,26,10,43.4,26.8,9.3,21.1,43.9,3.1,8.8,35.5,5.1,6.5,79.3,1.5,7.2,8.7,5.2,3.9,1.3,0.5,3.5,46.2,6,0,4.2
Edmond Sumner,FWN,23,26,11,15,47.2,33.2,12.2,26.0,47.0,3.1,8.7,35.8,5.7,7.6,74.8,1.2,3.0,4.2,6.2,4.9,2.3,0.9,4.5,52.1,0,0,-4.3
Elie Okobo,NAS,21,9,2,7,48.1,24.3,8.3,21.5,38.9,3.7,12.7,29.4,3.9,5.2,74.3,1.0,5.2,6.3,10.0,4.2,1.8,0.4,3.7,49.3,2,0,-6.1
Elijah Brown,GRD,24,10,3,7,46.1,17.0,6.3,18.0,35.1,1.6,8.5,18.5,2.8,3.5,81.8,1.6,4.4,6.0,2.2,3.8,1.6,0.0,4.1,28.5,0,0,-12.6
Elijah Stewart,STO,23,31,12,19,46.0,15.1,5.4,15.1,36.0,2.3,8.4,27.4,1.9,2.2,87.5,1.4,3.7,5.0,2.4,1.6,1.5,0.8,3.5,30.1,0,0,-3.9
Emanuel Terry,SXF,22,39,15,24,46.1,20.0,8.4,14.8,56.8,0.0,0.1,0.0,3.2,6.2,52.3,5.0,9.5,14.5,2.0,3.0,2.0,2.7,4.8,51.4,10,0,-9.9
Eric Stuteville,NAS,24,50,12,38,47.3,15.5,6.0,10.8,56.2,0.0,0.0,0.0,3.4,4.9,68.9,3.8,5.2,9.0,2.1,2.4,0.7,1.1,4.9,32.3,0,0,-13.4
Evan Smotrycz,IWA,27,29,8,21,45.7,14.2,4.2,11.5,36.9,2.6,6.8,37.7,3.1,3.7,84.8,0.4,9.6,10.1,2.6,3.2,1.7,1.2,6.6,35.6,0,0,-0.9
Evan Taylor,ACC,23,20,10,10,44.9,13.4,4.8,13.2,36.1,2.2,6.0,36.4,1.6,2.7,60.0,1.1,3.8,4.9,1.8,0.7,2.0,0.5,5.5,29.0,0,0,-11.4
Ferrakohn Hall,WCB,28,47,25,22,47.5,21.4,8.1,17.7,45.8,2.4,5.9,40.2,2.7,3.5,78.1,2.5,7.3,9.7,4.7,3.0,1.1,1.4,6.8,44.6,1,0,-1.0
Frank Jackson,TEX,21,4,1,3,43.5,34.9,13.4,26.4,50.6,2.3,8.5,26.9,5.9,6.5,90.0,1.3,2.6,3.9,4.2,3.6,1.0,1.0,6.2,48.2,0,0,-0.7
Gabe Vincent,STO,23,24,15,9,44.9,21.2,8.0,21.1,37.8,3.0,10.4,29.1,2.2,3.1,71.0,1.3,4.2,5.5,6.3,2.8,2.1,1.0,5.5,43.8,0,0,-7.9
Gabe York,LAK,25,41,25,16,46.8,26.3,9.2,21.8,42.1,4.8,13.1,36.7,3.1,3.7,85.1,0.7,4.2,5.0,5.0,3.1,1.6,0.1,2.8,41.9,1,0,4.8
Gary Clark,RGV,24,7,6,1,45.6,18.0,6.2,15.5,40.3,3.2,10.9,29.4,2.4,3.6,64.7,2.6,7.9,10.5,4.1,1.7,1.5,1.5,2.8,44.1,1,0,11.8
Gary Payton II,RGV,26,28,20,8,45.3,24.4,10.6,22.5,46.9,1.5,5.8,25.5,1.8,3.1,58.6,2.9,8.4,11.3,9.5,5.8,4.4,1.3,4.8,63.5,11,1,6.4
Gary Talton,SXF,29,2,2,0,44.3,10.0,2.9,12.9,22.2,1.4,2.9,50.0,2.9,2.9,100,1.4,2.9,4.3,10.0,4.3,0.0,1.4,1.4,30.1,0,0,1.4
Gary Trent Jr.,TEX,20,6,4,2,43.7,42.4,14.6,29.0,50.4,6.4,12.7,50.0,6.8,7.6,88.9,1.7,5.3,7.0,2.3,2.3,2.1,0.4,2.1,59.6,0,0,-1.3
George King,NAS,25,41,10,31,47.7,23.2,8.1,17.1,47.5,3.3,7.7,42.9,3.7,4.5,82.0,0.8,7.2,8.0,3.7,4.0,1.3,0.9,3.7,41.0,3,0,-6.5
Georges Niang,SLC,26,3,2,1,48.1,32.1,13.3,27.0,49.1,4.6,11.7,39.1,1.0,1.0,100,1.5,6.1,7.7,5.1,2.6,0.0,0.5,5.1,48.0,0,0,20.4
Gerard Tarin,SXF,22,23,11,12,45.0,20.9,7.2,13.7,52.6,1.2,2.9,41.7,5.3,9.4,56.4,4.8,11.5,16.3,1.2,2.6,1.0,0.5,5.3,43.9,0,0,-9.1
Grayson Allen,SLC,23,12,9,3,46.3,24.9,8.0,17.3,46.3,4.3,10.7,40.5,4.6,6.2,73.5,0.3,3.8,4.1,3.7,2.4,1.4,0.4,3.1,38.3,0,0,11.7
Guerschon Yabusele,MNE,23,1,0,1,45.2,26.2,9.8,23.0,42.9,1.6,9.8,16.7,4.9,6.6,75.0,1.6,4.9,6.6,3.3,1.6,1.6,0.0,9.8,42.3,0,0,21.3
Gyorgy Goloman,WES,23,50,29,21,46.2,16.5,5.7,13.3,42.8,2.1,6.1,35.3,2.9,5.1,56.9,2.8,6.8,9.6,1.7,2.1,1.4,2.8,6.3,41.1,0,0,-2.6
Hakim Warrick,IWA,36,44,17,27,46.2,26.9,9.5,15.5,61.3,0.3,0.5,66.7,7.6,9.6,78.4,5.0,8.0,13.0,4.3,2.7,0.6,1.0,3.6,50.8,5,0,1.0
Hamidou Diallo,OKL,20,6,5,1,46.0,29.9,11.2,25.2,44.3,1.8,6.0,30.4,5.7,6.8,84.6,4.2,7.3,11.4,2.6,2.6,2.9,1.3,5.7,57.4,0,0,14.5
Harry Giles III,STO,21,4,3,1,45.3,45.3,18.4,32.8,56.1,4.0,5.5,72.7,4.5,7.0,64.3,3.5,10.9,14.4,6.0,5.5,1.5,1.5,7.5,75.0,1,0,1.0
Harry Rafferty,SXF,25,4,0,4,45.0,7.1,2.9,11.2,26.3,1.2,7.6,15.4,0.0,0.0,0.0,0.0,2.9,2.9,4.7,1.2,1.2,0.0,5.3,20.0,0,0,-12.9
Haywood Highsmith,DEL,22,46,20,26,45.7,17.3,6.4,15.0,42.7,2.3,6.8,33.3,2.2,3.3,66.7,3.1,6.7,9.8,3.8,2.4,1.6,0.8,2.8,39.7,4,0,-1.8
Henry Ellenson,GRD,22,8,4,4,45.8,27.8,8.0,19.8,40.5,3.0,8.7,34.7,8.7,10.3,84.5,1.2,15.1,16.4,4.1,3.4,0.4,1.2,2.3,55.0,5,0,8.2
Hollis Thompson,NAS,28,30,9,21,47.1,23.0,8.8,20.2,43.3,2.1,6.1,34.8,3.4,4.2,80.2,1.0,7.7,8.7,3.6,2.4,1.2,0.5,4.7,41.4,2,0,-6.0
Ike Anigbogu,FWN,20,21,10,11,47.7,19.6,7.9,16.8,47.3,0.0,0.0,0.0,3.7,5.7,64.7,7.0,9.5,16.6,1.4,4.3,0.9,3.5,5.1,50.6,7,0,-6.4
Ike Nwamu,FWN,26,39,12,27,45.3,15.3,5.6,14.8,37.5,2.6,8.6,31.0,1.5,2.1,73.7,0.7,3.7,4.4,3.8,2.6,1.4,0.2,3.4,28.6,0,0,-10.0
Isaac Bonga,SBL,19,31,11,20,45.2,19.2,6.9,16.0,43.2,1.7,5.0,34.4,3.7,4.5,81.6,3.1,7.0,10.0,4.4,4.6,1.9,1.7,5.1,44.1,1,0,0.2
Isaac Haas,SLC,23,33,17,16,47.1,25.5,10.3,16.4,62.9,0.0,0.1,0.0,5.0,6.8,73.6,4.4,8.8,13.2,1.7,3.8,0.9,1.6,6.6,47.9,2,0,0.8
Isaac Hamilton,CTN,25,31,14,17,45.5,11.1,4.1,13.7,30.2,1.3,5.7,22.5,1.6,2.1,73.3,1.6,6.1,7.7,5.8,2.6,2.1,0.3,3.6,33.9,0,0,0.4
Isaac Humphries,ERI,21,46,23,23,43.8,22.7,9.8,18.1,53.8,1.3,3.6,34.9,1.9,2.8,66.2,3.7,10.3,14.1,2.3,3.3,1.7,2.2,4.5,51.4,11,0,3.0
Isaiah Armwood,CAP,28,36,18,18,45.3,16.4,6.4,11.6,55.0,0.0,0.3,0.0,3.7,5.0,74.4,4.3,9.0,13.3,2.6,3.0,1.2,3.1,4.0,46.0,7,0,-2.7
Isaiah Briscoe,LAK,23,2,1,1,48.7,25.0,9.4,18.0,52.2,1.6,3.1,50.0,4.7,7.0,66.7,0.0,0.8,0.8,10.2,2.3,2.3,0.8,7.0,48.2,0,0,-21.9
Isaiah Cousins,SLC,25,39,22,17,47.4,23.1,9.2,21.0,44.0,2.8,7.0,39.5,1.9,2.5,75.8,0.9,5.6,6.5,9.1,3.4,1.8,0.2,3.4,47.1,3,0,8.1
Isaiah Hartenstein,RGV,21,26,20,6,45.9,27.7,11.1,17.7,62.7,0.9,3.4,27.4,4.6,7.1,64.6,7.1,13.7,20.8,5.3,4.4,0.9,2.9,4.9,67.8,19,1,7.9
Isaiah Hicks,WES,24,27,17,10,47.0,25.9,9.9,20.2,49.1,1.2,3.9,31.3,4.8,6.1,79.0,2.8,8.7,11.5,4.2,4.5,1.5,2.8,5.3,54.4,5,0,8.4
Isaiah Whitehead,GRD,24,25,17,8,44.7,28.2,10.9,26.0,41.8,2.1,7.0,29.8,4.3,5.7,76.3,1.7,4.5,6.2,5.9,3.7,1.5,1.4,4.4,49.6,0,0,7.4
Isaiah Wilkins,GBO,23,48,23,25,46.3,8.2,3.1,7.3,42.2,1.3,3.7,34.7,0.8,1.0,76.9,1.7,6.0,7.8,3.5,1.2,1.2,1.6,3.5,30.2,0,0,2.6
Ismael Sanogo,LIN,22,23,19,4,42.5,11.6,4.1,11.3,36.1,1.7,5.9,28.1,1.8,2.6,71.4,2.2,8.9,11.1,2.4,3.0,1.1,2.2,6.1,35.5,0,0,-23.6
Ismaila Kane,MHU,21,26,14,12,45.9,7.6,2.4,8.2,29.7,0.7,3.3,20.0,2.0,3.1,64.3,2.4,7.3,9.8,0.9,1.3,1.1,2.0,6.0,28.6,0,0,3.3
Ivan Rabb,MHU,22,7,5,2,47.2,31.1,11.9,22.5,52.9,1.9,5.3,35.7,5.3,5.7,93.3,4.4,7.6,11.9,3.6,2.1,1.3,2.5,3.8,60.1,4,0,12.5
J.J. Avila,ACC,27,44,23,21,46.0,17.4,6.5,12.0,54.5,1.4,3.5,40.7,2.9,3.7,77.4,3.5,8.1,11.6,3.4,1.8,2.0,1.1,4.4,44.0,1,0,2.2
J.P. Macura,GBO,24,30,15,15,45.2,26.6,9.5,20.9,45.6,3.7,10.1,36.4,3.9,5.0,78.3,2.3,3.9,6.2,4.2,3.2,2.3,0.1,3.2,44.4,0,0,5.0
JaCorey Williams,CTN,25,50,22,28,47.3,25.0,10.6,19.0,55.7,0.0,0.2,20.0,3.8,5.8,65.5,3.2,8.2,11.5,4.2,3.8,1.3,1.2,4.3,48.6,8,0,0.1
JaKarr Sampson,WCB,26,24,13,11,46.7,32.6,13.3,24.7,53.9,1.5,5.0,29.9,4.4,5.8,76.7,2.8,11.3,14.1,3.2,2.8,1.0,1.8,4.4,59.7,12,0,1.6
Jacob Evans,SCW,22,21,15,6,47.2,20.4,8.1,18.6,43.5,1.5,5.1,30.5,2.7,3.4,77.5,0.9,5.2,6.1,4.6,3.7,1.3,1.5,3.6,39.1,0,0,4.5
Jacobi Boykins,RGV,24,28,21,7,44.0,24.0,7.9,19.4,40.7,5.1,14.1,36.2,3.2,4.4,72.3,1.0,6.4,7.4,2.2,2.4,1.7,0.6,3.4,40.9,0,0,3.2
Jairus Lyles,SLC,23,46,25,21,47.2,22.7,7.2,18.7,38.7,3.0,7.6,39.9,5.2,6.3,81.8,1.3,5.1,6.4,7.5,4.7,2.4,0.3,3.5,45.0,1,0,-0.2
Jaleel Cousins,SCW,25,26,20,6,43.6,15.8,5.5,10.9,50.0,0.6,0.6,100,4.3,6.7,63.6,3.6,5.8,9.4,3.0,6.1,3.0,1.2,10.3,38.4,0,0,-6.4
Jalen Jones,CTN,26,4,2,2,44.8,16.3,6.2,18.9,32.6,1.3,5.3,25.0,2.6,5.3,50.0,2.2,5.3,7.5,4.0,4.8,1.3,0.9,3.5,33.0,0,0,0.9
Jameel McKay,WCB,26,2,1,1,44.9,14.8,7.4,7.4,100,0.0,0.0,0.0,0.0,0.0,0.0,0.0,11.1,11.1,3.7,3.7,3.7,0.0,7.4,41.1,0,0,-3.7
Jameel Warney,WES,25,47,21,26,46.7,26.0,10.8,22.1,48.7,1.3,4.3,29.9,3.3,4.1,80.3,3.8,7.6,11.3,4.9,2.7,2.1,1.7,3.8,55.5,15,0,-0.3
Jamel Artis,ACC,26,31,16,15,47.6,22.9,8.7,19.1,45.3,2.4,7.0,34.2,3.2,4.0,78.0,1.5,4.9,6.4,5.1,3.2,1.1,0.3,2.9,39.0,0,0,3.5
James Young,WIS,23,19,2,17,44.9,26.9,8.6,20.2,42.4,4.3,10.1,42.2,5.4,6.7,81.1,1.5,5.7,7.2,3.2,3.0,1.8,1.2,3.4,46.2,2,0,-9.3
Jared Brownridge,DEL,24,49,21,28,45.7,24.9,8.4,20.1,41.9,6.0,15.0,39.8,2.0,2.6,77.8,0.7,2.8,3.5,3.7,1.4,1.0,0.2,2.7,36.8,0,0,2.0
Jared Sam,FWN,24,26,9,17,46.7,13.6,5.0,12.7,39.2,0.2,0.5,33.3,3.4,4.5,76.9,4.8,7.4,12.2,2.4,1.0,1.7,0.7,3.8,37.9,0,0,-18.5
Jared Terrell,IWA,24,32,12,20,46.9,22.5,8.5,21.7,39.0,2.6,8.7,29.5,3.0,4.0,76.7,1.3,4.6,5.9,3.4,2.0,2.3,0.4,2.8,40.7,0,0,-4.1
Jarnell Stokes,MHU,25,8,5,3,46.7,28.8,12.7,20.7,61.7,0.4,2.4,18.2,2.9,4.6,61.9,5.1,11.4,16.5,3.7,5.9,1.3,2.2,7.9,58.8,3,0,13.2
Jaron Blossomgame,CTN,25,35,17,18,47.5,26.4,10.2,22.3,45.9,1.8,5.9,31.0,4.1,5.8,70.6,2.2,8.1,10.3,3.1,2.8,1.0,1.8,2.8,48.9,6,0,-1.5
Jarquez Smith,LAK,24,3,2,1,46.6,10.3,5.1,15.4,33.3,0.0,0.0,0.0,0.0,0.0,0.0,10.3,12.8,23.1,5.1,2.6,0.0,2.6,10.3,50.8,0,0,-15.4
Jarred Vanderbilt,DEL,20,4,2,2,45.0,20.1,8.3,14.6,57.1,1.4,2.1,66.7,2.1,6.9,30.0,9.0,12.5,21.5,1.4,6.9,3.5,0.0,6.9,51.5,1,0,-6.3
Jarrett Jack,SXF,35,1,0,1,41.9,30.0,12.9,24.3,52.9,1.4,4.3,33.3,2.9,2.9,100,0.0,7.1,7.1,10.0,8.6,1.4,0.0,1.4,49.3,0,0,-7.1
Jarvis Threatt,SXF,26,8,1,7,44.6,19.9,8.1,17.9,45.2,1.2,3.4,35.7,2.5,5.6,43.5,2.0,3.2,5.1,8.8,5.1,1.0,0.2,3.7,37.8,1,0,-6.9
Jarvis Varnado,MHU,31,6,4,2,46.5,15.5,4.1,8.2,50.0,0.0,0.0,0.0,7.2,11.3,63.6,6.2,7.2,13.4,0.0,7.2,0.0,2.1,8.2,30.5,0,0,-35.1
Jawun Evans,OKL,22,32,7,25,46.2,24.0,9.1,20.8,43.9,1.2,3.8,32.5,4.5,5.8,78.4,0.6,5.5,6.1,9.3,5.2,2.6,0.6,4.3,49.6,1,0,-8.9
Jay Wright,LAK,24,30,17,13,46.8,14.3,5.1,12.0,42.6,0.9,4.4,20.0,3.2,4.8,66.7,0.9,2.6,3.5,3.9,1.4,2.3,0.0,5.6,29.8,0,0,-2.5
Jay-R Strowbridge,MHU,31,6,2,4,45.6,10.3,3.1,14.4,21.4,1.0,5.1,20.0,3.1,3.6,85.7,0.5,3.6,4.1,6.2,3.1,0.5,0.0,4.1,22.9,0,0,-20.0
Jaylen Adams,ERI,23,20,12,8,44.1,21.2,7.2,18.4,39.2,3.6,10.5,34.4,3.1,4.1,76.3,1.3,5.3,6.5,8.8,3.7,2.1,0.5,4.2,46.3,5,0,3.3
Jaylen Barford,GBO,23,47,23,24,45.3,32.1,12.6,28.9,43.7,3.4,10.0,33.8,3.4,4.3,78.6,1.6,5.5,7.0,2.4,3.3,2.1,0.2,2.9,47.7,2,0,-0.3
Jaylen Johnson,IWA,22,21,9,12,45.7,24.2,9.3,18.8,49.3,2.3,5.8,38.6,3.4,5.6,61.9,4.8,7.4,12.2,2.6,1.7,2.1,1.2,4.8,51.0,0,0,-3.4
Jaylen Morris,ERI,23,33,11,22,45.2,18.9,7.3,14.3,50.9,1.5,5.0,30.5,2.7,3.4,80.5,1.3,5.8,7.1,4.2,1.9,1.6,0.8,2.5,38.8,3,0,-3.3
Je'Lon Hornbeak,FWN,25,22,10,12,47.5,14.7,4.8,11.6,41.1,4.1,8.8,47.3,1.0,1.6,60.0,0.6,3.2,3.8,5.4,2.9,2.1,0.8,5.3,33.1,0,0,3.7
Jeff Ledbetter,AUS,31,19,11,8,47.0,26.1,8.3,20.1,41.4,5.3,14.8,35.6,4.3,4.6,93.3,1.1,5.1,6.2,7.5,4.6,2.0,0.2,4.9,46.9,0,0,0.4
Jeff Roberson,MNE,22,36,15,21,47.6,11.3,4.1,10.3,40.1,1.6,4.7,33.8,1.4,1.7,81.5,1.9,6.8,8.7,2.8,2.0,1.0,0.4,5.2,27.9,0,0,2.9
Jeffrey Carroll,SBL,24,24,10,14,45.2,21.5,8.3,17.3,48.1,2.0,6.4,31.9,2.9,3.6,79.5,1.7,4.5,6.2,1.9,1.9,1.7,0.5,2.6,36.3,0,0,-3.6
Jeffrey Coby,AUS,25,3,0,3,42.4,7.4,3.2,10.6,30.0,1.1,4.3,25.0,0.0,0.0,0.0,3.2,12.8,16.0,1.1,1.1,2.1,1.1,5.3,36.7,0,0,-1.1
Jemerrio Jones,SBL,24,47,20,27,45.6,17.4,7.8,14.4,54.2,0.6,1.7,34.1,1.1,2.3,50.0,6.3,11.4,17.7,6.5,3.9,2.7,1.8,4.1,57.8,15,0,0.2
Jeremiah Hill,LAK,23,44,30,14,46.0,18.5,7.0,16.1,43.1,3.4,8.8,38.1,1.2,1.7,71.4,1.4,4.4,5.8,7.7,2.1,2.0,0.8,2.6,43.2,0,0,0.1
Jeremy Hollowell,ERI,25,49,23,26,44.2,21.0,7.9,17.6,45.0,2.3,7.3,31.9,2.9,3.7,78.1,3.3,7.6,10.9,3.6,2.7,1.3,1.6,4.9,45.5,6,0,4.1
Jerome Robinson,ACC,22,24,14,10,47.1,27.9,10.0,23.1,43.5,4.3,10.5,41.2,3.5,4.5,78.1,0.7,5.5,6.2,5.6,4.2,1.7,0.4,3.8,45.8,1,0,6.5
Jevon Carter,MHU,23,22,14,8,46.3,24.7,9.2,21.3,43.3,2.8,7.1,39.3,3.5,4.1,85.1,1.3,4.8,6.0,8.7,4.2,3.5,1.2,4.2,54.8,3,0,5.6
Joe Chealey,GBO,23,43,21,22,45.4,23.7,8.1,18.6,43.6,1.7,5.0,33.3,5.9,7.6,77.3,0.9,4.4,5.2,7.9,3.3,1.4,0.2,3.2,43.4,4,0,3.0
Joe Kilgore,WCB,23,28,11,17,47.3,15.7,6.1,15.8,38.7,1.2,5.0,23.1,2.3,3.0,77.4,0.8,4.7,5.5,2.1,2.0,1.3,0.7,4.3,29.3,0,0,-1.9
Joel Berry II,SBL,24,21,6,15,45.3,22.6,8.8,22.5,39.1,2.7,9.9,27.2,2.3,2.9,80.0,0.7,2.0,2.7,5.1,2.9,1.3,0.6,3.9,36.1,0,0,-11.4
John Bohannon,MNE,27,43,17,26,46.3,17.0,7.4,12.3,59.8,0.2,0.7,28.6,2.0,3.8,53.4,5.8,13.5,19.4,7.2,3.0,1.0,3.5,5.0,61.7,14,1,-3.1
John Dawson,GBO,24,29,13,16,46.3,11.3,4.1,11.6,35.2,2.9,7.9,37.1,0.3,0.5,50.0,1.3,4.3,5.6,5.3,2.9,1.7,0.8,7.2,30.3,0,0,-8.1
John Gillon,GBO,25,46,22,24,44.1,20.0,5.6,13.4,42.0,2.2,6.2,36.3,6.6,7.4,88.2,0.3,3.8,4.1,9.1,4.1,1.4,0.4,3.2,39.9,7,0,-2.3
John Holland,AUS,30,40,16,24,46.5,25.3,7.8,18.3,42.5,3.8,10.4,37.1,5.9,7.0,84.6,0.9,3.7,4.6,4.2,3.4,2.3,0.3,3.9,41.5,0,0,-3.1
John Jenkins,CAP,28,21,11,10,47.1,31.9,11.1,23.9,46.5,4.5,10.5,42.9,5.2,5.7,91.3,0.4,4.2,4.7,4.8,3.2,1.3,0.3,2.5,46.4,1,0,-3.6
John Petrucelli,LAK,26,47,30,17,47.5,20.4,7.1,14.7,48.3,2.0,4.6,44.2,4.2,5.0,84.9,1.4,5.4,6.9,4.7,2.9,2.9,1.3,5.1,45.2,1,0,5.6
Johnathan Motley,ACC,24,27,14,13,47.1,33.7,12.7,23.0,55.3,1.2,4.1,29.6,7.0,10.0,70.1,3.3,10.5,13.8,4.4,5.0,0.8,1.2,5.0,58.1,16,0,1.6
Johnathan Williams,SBL,24,36,16,20,45.3,25.2,11.1,20.3,54.6,0.5,1.8,25.0,2.5,5.9,43.3,5.6,8.9,14.4,2.8,3.3,1.2,1.6,4.2,51.7,16,0,-6.1
Johnny Hamilton,GRD,25,49,27,22,46.3,21.3,8.6,15.2,56.4,0.0,0.1,50.0,4.2,6.1,69.2,7.3,9.4,16.7,2.8,3.4,0.7,4.7,4.9,58.4,22,0,-3.3
Jon Horford,GRD,27,21,14,7,47.1,9.8,4.1,8.2,50.0,0.4,1.4,27.3,1.3,1.7,76.9,6.5,12.5,19.0,2.6,2.8,0.8,1.0,8.2,39.1,0,0,6.9
Jon Octeus,WCB,27,31,14,17,47.6,10.4,3.7,9.8,37.9,1.3,3.6,36.7,1.7,3.1,54.8,1.4,7.0,8.4,4.4,2.4,1.2,0.7,4.3,30.2,0,0,-1.1
Jonah Bolden,DEL,23,8,3,5,44.2,21.7,7.7,19.0,40.2,3.2,9.3,34.6,3.2,5.9,54.5,4.1,12.6,16.7,4.4,3.9,1.6,0.9,4.6,52.0,5,0,-4.6
Jonathan Stark,IWA,24,39,15,24,46.7,18.4,6.9,15.8,43.9,1.9,5.7,34.4,2.5,3.3,76.4,0.5,3.9,4.4,8.5,2.4,1.6,0.1,4.1,39.1,3,0,-3.1
Jordan Adams,RGV,24,2,1,1,39.4,16.7,5.6,16.7,33.3,5.6,11.1,50.0,0.0,0.0,0.0,0.0,5.6,5.6,11.1,5.6,11.1,0.0,11.1,67.8,0,0,50.0
Jordan Barnett,FWN,23,35,7,28,45.0,13.1,5.3,10.0,52.8,1.5,4.9,29.6,1.1,1.3,84.2,2.2,5.3,7.5,1.9,1.3,1.7,1.8,3.3,34.1,0,0,-10.8
Jordan Green,AUS,26,39,17,22,46.2,12.5,4.9,10.2,48.1,0.6,1.9,32.4,2.1,2.9,71.7,0.9,2.8,3.8,3.3,3.2,1.2,0.4,3.9,23.7,0,0,-8.4
Jordan Howard,RAP,23,26,12,14,45.2,24.2,8.4,18.9,44.6,4.0,9.8,40.5,3.4,3.8,88.9,0.3,4.4,4.6,5.9,2.9,1.4,0.0,4.2,40.1,0,0,1.2
Jordan Johnson,RGV,24,29,22,7,44.4,13.1,4.5,12.9,35.1,2.0,7.7,26.0,2.1,2.9,71.8,0.7,3.5,4.1,10.1,3.8,1.6,0.1,5.0,34.4,1,0,1.1
Jordan Loyd,RAP,25,41,27,14,46.5,29.5,9.8,20.5,48.0,2.9,7.9,36.3,7.0,8.0,86.5,1.3,5.9,7.2,8.0,3.2,2.4,0.4,4.3,55.3,8,2,7.9
Jordan McLaughlin,LIN,23,39,26,13,43.1,22.2,7.9,18.7,42.3,3.0,9.1,33.5,3.3,4.3,78.6,1.1,3.8,4.9,7.2,2.7,2.4,0.3,1.9,44.4,1,0,8.2
Jordan McRae,CAP,28,31,17,14,46.1,38.9,13.7,28.6,47.8,2.6,7.5,34.1,9.0,10.7,84.9,1.3,5.0,6.2,5.0,4.4,2.0,0.9,3.6,58.2,1,0,4.3
Jordan Sibert,ERI,26,42,22,20,44.5,22.3,7.7,18.2,42.4,4.7,12.6,37.6,2.2,2.6,84.4,0.7,5.6,6.4,2.8,1.6,1.9,0.5,2.9,39.8,2,0,7.6
Josh Adams,RAP,25,20,11,9,46.5,24.3,8.6,21.6,40.1,3.3,9.1,36.8,3.7,4.8,75.8,0.5,5.9,6.5,7.2,4.7,1.6,1.1,4.1,46.0,1,0,4.9
Josh Huestis,AUS,27,27,7,20,46.9,13.6,5.2,15.3,33.7,2.7,8.6,31.4,0.6,0.9,71.4,2.1,5.3,7.4,2.0,2.5,1.0,1.7,3.2,31.0,1,0,-13.9
Josh Newkirk,LIN,25,35,21,14,42.9,16.8,5.8,15.0,38.9,2.7,7.8,35.3,2.4,3.1,77.8,0.5,3.0,3.4,4.7,2.4,1.0,0.3,4.7,29.7,0,0,4.2
Jovan Mooring,FWN,24,15,6,9,45.4,26.2,8.5,24.2,35.0,2.9,9.1,32.2,6.3,7.5,83.7,0.5,5.4,5.8,9.4,4.0,0.6,0.2,3.5,45.6,0,0,-1.2
Juan Toscano-Anderson,SCW,26,43,28,15,46.6,13.7,5.4,12.4,43.6,0.7,1.9,34.9,2.2,3.7,59.0,4.0,9.4,13.3,4.3,2.8,2.4,1.7,5.1,45.7,8,0,0.9
Julian Washburn,MHU,27,38,18,20,47.1,16.8,6.7,14.1,47.3,2.5,6.0,41.1,1.0,1.3,74.3,1.8,5.9,7.6,2.4,1.6,1.4,0.2,2.1,33.0,5,0,1.9
Julien Lewis,STO,27,5,5,0,45.3,2.6,0.9,5.2,16.7,0.9,3.4,25.0,0.0,0.0,0.0,1.7,7.8,9.5,2.6,0.9,0.0,0.0,8.6,17.0,0,0,11.2
Justin Bibbs,ACC,23,49,20,29,47.1,18.1,6.7,15.9,41.8,2.7,8.5,31.8,2.1,2.8,76.5,0.6,4.4,4.9,4.3,2.0,1.1,0.2,1.9,32.4,0,0,-4.5
Justin Dentmon,TEX,33,7,2,5,46.0,28.4,8.2,20.7,39.3,5.6,13.8,40.7,6.5,7.5,87.5,0.5,2.3,2.8,3.3,2.1,1.6,0.0,2.8,39.5,0,0,-2.1
Justin Harper,SBL,29,35,14,21,46.5,22.0,8.0,20.2,39.4,3.8,11.1,34.6,2.3,2.7,86.7,2.5,5.7,8.1,4.5,2.0,0.8,0.5,4.0,40.3,0,0,0.9
Justin Jackson,LAK,22,10,5,5,46.3,11.5,4.3,12.8,34.0,1.5,7.4,20.7,1.3,1.8,71.4,3.6,6.4,10.0,1.8,3.1,1.5,0.8,3.8,30.0,0,0,2.8
Justin Leon,OKL,23,46,31,15,46.0,16.1,5.5,14.4,38.5,3.1,9.8,31.6,1.9,2.9,66.1,1.5,7.0,8.4,1.6,1.6,0.8,0.3,4.0,30.1,1,0,-3.2
Justin Patton,DEL,22,11,4,7,45.4,21.4,8.9,17.8,50.0,0.2,1.3,16.7,3.3,5.3,62.5,3.8,9.8,13.6,4.2,4.9,2.7,4.9,6.9,61.8,0,0,-8.0
Justin Reyes,SLC,24,33,17,16,47.0,18.9,7.6,13.9,54.4,1.2,2.9,43.2,2.5,3.4,75.0,3.4,5.2,8.6,2.5,2.9,2.4,2.1,4.2,43.5,0,0,3.6
Justin Tillman,MHU,23,8,5,3,43.5,21.0,9.0,19.2,46.9,1.2,3.9,30.8,1.8,3.3,54.5,5.1,7.5,12.6,2.1,2.7,0.9,0.6,5.4,41.1,0,0,0.0
Justin Tubbs,TEX,31,8,2,6,46.4,19.6,6.3,15.2,41.2,3.6,10.3,34.8,3.6,4.5,80.0,1.8,5.8,7.6,4.0,2.7,1.3,0.0,4.5,36.1,0,0,-0.4
KJ McDaniels,OKL,26,44,31,13,46.1,22.7,8.7,18.4,46.9,1.7,5.4,31.9,3.6,5.1,71.0,3.2,6.9,10.1,3.0,3.3,2.0,2.7,3.3,49.8,3,0,5.9
Kadeem Allen,WES,26,39,24,15,46.8,22.5,8.5,18.9,44.7,1.4,3.4,41.1,4.2,5.5,76.6,1.5,6.5,8.1,9.9,3.8,2.2,0.6,3.9,51.8,9,1,3.3
Kadeem Jack,SBL,26,9,2,7,44.5,14.7,6.4,14.7,43.6,0.0,1.3,0.0,1.9,2.9,63.6,2.9,7.7,10.7,0.8,2.1,1.6,0.8,6.1,33.7,0,0,-0.8
Kaiser Gates,WCB,22,50,27,23,47.0,23.0,7.1,17.2,41.0,5.0,13.2,37.5,4.0,5.1,78.6,1.8,9.9,11.7,3.5,1.8,1.7,0.7,4.0,47.7,13,0,1.6
Kalin Lucas,GRD,30,38,25,13,45.4,34.1,12.4,27.6,45.1,3.8,8.8,43.0,5.4,6.7,80.9,1.2,4.3,5.5,8.6,3.7,1.6,0.1,3.1,55.3,3,0,4.3
Kamari Murphy,LIN,25,46,33,13,44.4,17.5,6.4,13.6,46.9,0.7,3.0,24.6,4.0,5.5,73.4,3.0,10.4,13.4,3.0,2.7,1.0,1.2,4.5,41.7,7,0,0.1
Kameron Chatman,ERI,23,15,7,8,44.5,16.4,6.7,16.3,41.3,1.6,7.3,22.4,1.3,1.6,81.8,0.7,7.2,7.9,2.5,1.5,2.4,0.4,4.9,36.7,0,0,-1.3
Kanellos Garbis,WIS,26,13,0,13,44.1,6.9,2.8,5.5,50.0,0.7,1.4,50.0,0.7,0.7,100,1.4,3.4,4.8,4.8,3.4,1.4,0.7,4.8,22.7,0,0,-10.3
Karrington Ward,WCB,26,2,1,1,48.2,15.4,5.1,10.3,50.0,2.6,7.7,33.3,2.6,2.6,100,0.0,10.3,10.3,0.0,2.6,2.6,2.6,5.1,40.5,0,0,17.9
Kay Felder,RAP,24,11,8,3,45.5,25.7,8.8,22.5,39.1,2.7,8.8,30.9,5.4,6.7,80.8,1.0,4.9,5.9,9.5,3.1,2.3,0.5,4.8,52.5,2,0,7.6
Keenan Evans,DEL,22,45,20,25,46.2,19.0,6.3,14.6,43.4,2.1,5.4,38.6,4.2,5.1,83.2,1.0,4.6,5.6,5.8,2.6,1.5,0.2,3.3,37.1,1,0,-3.8
Keita Bates-Diop,IWA,23,16,7,9,47.6,23.0,9.0,20.6,43.7,2.3,6.8,33.3,2.7,3.7,71.7,2.1,9.3,11.5,2.8,2.3,1.4,2.1,3.0,49.1,7,0,-1.2
Keith Hornsby,TEX,27,46,16,30,46.0,20.5,7.4,15.0,49.5,3.0,6.2,48.5,2.7,3.2,84.1,0.9,3.5,4.5,2.7,1.3,1.7,0.1,1.7,34.0,0,0,-6.4
Kellen Dunham,CAP,26,50,25,25,45.3,16.3,5.4,11.4,47.4,3.3,7.2,46.2,2.2,2.6,82.3,1.1,3.9,5.0,1.5,1.3,1.3,0.3,2.8,27.8,0,0,1.1
Kendall Gray,LIN,27,5,4,1,47.7,36.2,10.1,14.5,70.0,0.0,0.0,0.0,15.9,20.3,78.6,11.6,4.3,15.9,1.4,4.3,1.4,2.9,14.5,66.2,0,0,-30.4
Kendrick Nunn,SCW,23,49,34,15,46.2,30.8,12.2,25.7,47.3,2.7,8.2,33.3,3.7,4.3,85.7,1.5,4.5,6.0,4.5,3.5,2.3,0.5,3.1,49.8,0,0,4.7
Kenneth Smith,GRD,26,45,28,17,46.4,14.9,5.2,12.5,42.0,1.3,3.5,36.4,3.2,3.8,83.8,0.9,4.8,5.7,12.1,3.9,2.5,0.2,3.2,44.2,9,0,3.4
Kenrich Williams,TEX,24,7,7,0,45.9,21.2,9.2,17.9,51.2,1.1,4.1,26.3,1.7,4.4,40.0,5.5,10.5,15.9,5.5,1.7,3.3,1.5,4.1,61.2,4,0,25.1
Kentrell Barkley,RGV,22,7,4,3,45.7,8.3,3.3,10.8,30.8,0.0,1.7,0.0,1.7,1.7,100,2.5,4.2,6.7,2.5,0.8,0.0,0.8,7.5,21.8,0,0,-48.3
Kethan Savage,WES,25,4,1,3,42.2,14.4,5.2,12.4,41.7,2.1,4.1,50.0,2.1,8.2,25.0,0.0,4.1,4.1,4.1,0.0,1.0,1.0,5.2,31.8,0,0,3.1
Kevin Hervey,OKL,22,32,20,12,46.0,22.4,8.4,18.8,44.6,3.6,11.3,31.6,2.1,3.1,66.7,3.7,10.1,13.8,3.7,2.1,2.8,2.6,4.9,58.3,6,0,5.2
Kevin Olekaibe,LIN,26,6,5,1,42.5,11.5,3.2,12.9,25.0,2.8,11.1,25.0,2.3,2.8,83.3,0.0,1.8,1.8,3.7,0.0,0.5,0.9,3.7,23.4,0,0,-6.9
Kevin Young,SCW,29,41,29,12,46.4,12.3,5.0,9.4,52.7,0.0,0.4,0.0,2.4,4.0,60.0,6.4,7.9,14.3,3.8,3.4,3.0,1.4,5.0,45.0,2,0,0.0
Khadeem Lattin,NAS,24,39,18,21,45.8,12.9,5.1,10.1,50.4,0.2,0.8,20.0,2.6,3.1,81.6,6.9,9.3,16.2,1.9,2.6,2.2,3.0,7.4,48.2,1,0,4.0
Khyri Thomas,GRD,23,10,6,4,44.4,27.8,10.2,20.3,50.0,3.8,8.8,43.8,3.7,4.1,90.0,0.4,3.7,4.1,2.6,2.2,2.3,0.1,3.7,41.9,0,0,5.1
Kobi Simmons,CTN,21,35,12,23,47.4,25.0,9.5,22.1,43.2,1.6,6.0,27.1,4.3,4.8,89.7,1.4,4.2,5.6,5.3,3.5,1.8,0.3,3.6,42.2,1,0,-4.7
Kostas Antetokounmpo,TEX,21,40,14,26,45.6,18.9,6.5,12.5,52.2,0.4,1.8,24.4,5.5,8.0,68.5,3.4,7.7,11.1,1.4,3.4,1.8,2.4,6.4,43.6,4,0,-8.3
Kyle Benjamin,SLC,27,2,0,2,48.3,3.6,0.0,5.4,0.0,0.0,0.0,0.0,3.6,7.1,50.0,1.8,12.5,14.3,0.0,1.8,0.0,0.0,8.9,18.9,0,0,-12.5
Kyle Casey,MHU,28,40,22,18,45.5,17.9,6.6,13.1,50.2,1.1,3.2,34.3,3.6,5.1,70.6,1.8,9.6,11.4,4.8,3.2,1.0,1.2,5.9,42.2,3,0,3.0
Kyle Collinsworth,RAP,27,28,16,12,45.2,15.3,6.2,13.9,44.9,1.0,3.1,32.2,1.9,2.9,65.5,3.8,7.1,11.0,5.4,3.1,2.6,1.1,3.0,44.8,4,0,5.3
Kyle Randall,DEL,27,25,10,15,45.4,12.9,4.4,12.3,36.0,1.4,4.3,33.3,2.6,3.7,69.7,0.6,3.3,3.9,6.2,4.1,1.6,0.1,3.0,27.8,0,0,0.4
Kyle Washington,SXF,25,16,2,14,44.8,23.6,10.0,20.3,49.3,1.7,4.4,37.5,1.9,3.6,53.8,7.5,7.5,15.0,0.6,3.3,1.1,1.1,9.7,45.8,0,0,-2.8
L.G. Gill,IWA,24,35,13,22,47.6,16.0,6.7,12.5,53.8,0.5,0.7,71.4,2.1,3.7,56.4,4.1,4.7,8.8,1.4,1.8,0.9,0.8,7.2,31.8,0,0,-7.4
LaQuinton Ross,MHU,27,21,4,17,46.9,16.1,5.9,14.4,40.6,1.4,4.4,31.0,3.0,4.4,69.0,3.0,6.8,9.8,2.6,2.7,1.7,1.4,5.3,37.9,0,0,-3.5
Lavoy Allen,CAP,30,17,9,8,47.1,19.7,8.4,14.1,59.6,0.5,1.0,50.0,2.5,3.0,83.3,8.0,7.4,15.4,2.8,3.3,1.6,3.1,5.8,53.2,3,0,4.4
Lenjo Kilo,DEL,25,2,1,1,42.4,33.3,11.1,33.3,33.3,11.1,11.1,100,0.0,0.0,0.0,0.0,0.0,0.0,0.0,0.0,0.0,0.0,0.0,33.3,0,0,22.2
Levi Randolph,CTN,26,50,22,28,47.7,21.9,8.1,17.0,47.7,2.9,6.4,45.1,2.7,3.6,76.5,1.5,4.7,6.2,3.2,2.0,1.8,0.2,3.5,37.8,3,0,-4.1
Liam McMorrow,OKL,31,2,0,2,38.8,3.7,0.0,0.0,0.0,0.0,0.0,0.0,3.7,7.4,50.0,3.7,0.0,3.7,3.7,3.7,3.7,0.0,18.5,21.1,0,0,-18.5
Lonnie Walker IV,AUS,20,29,10,19,46.7,28.3,11.4,25.9,43.9,2.0,5.6,35.8,3.5,4.4,81.1,1.1,3.9,5.0,3.1,2.5,2.0,0.7,3.2,44.6,0,0,-5.2
Luke Kennard,GRD,23,1,0,1,48.3,54.0,14.0,26.0,53.8,10.0,18.0,55.6,16.0,20.0,80.0,0.0,6.0,6.0,10.0,0.0,0.0,0.0,4.0,76.2,0,0,6.0
Luke Kornet,WES,23,11,9,2,46.6,27.0,9.6,18.8,51.4,4.2,8.6,48.5,3.5,4.8,73.0,1.3,11.3,12.6,4.8,3.4,0.9,3.3,3.8,58.5,3,0,12.1
Luke Petrasek,GBO,23,41,18,23,44.8,14.0,5.3,11.2,47.3,2.6,6.4,40.5,0.9,1.2,76.2,1.6,8.4,10.0,1.5,2.4,0.8,1.4,3.7,32.6,2,0,-0.3
Malachi Richardson,CTN,23,12,6,6,45.6,27.0,8.7,21.3,41.1,4.5,11.6,39.3,5.0,6.2,80.7,0.4,7.2,7.7,4.6,4.0,1.1,0.2,3.9,43.1,1,0,3.5
Malcolm Miller,RAP,26,13,7,6,47.4,18.3,6.5,14.6,44.5,2.8,8.1,34.4,2.5,3.6,70.4,1.3,4.6,6.0,2.8,2.1,1.7,1.5,5.4,37.0,0,0,3.3
Malik Newman,CTN,22,42,23,19,47.1,23.8,9.1,20.3,44.8,3.2,9.0,35.6,2.4,3.1,78.3,0.7,5.4,6.0,4.5,2.6,1.0,0.2,2.7,38.8,0,0,-5.2
Malik Pope,GBO,22,20,9,11,45.4,18.7,6.8,17.0,40.2,1.8,6.1,29.5,3.2,4.3,74.2,4.5,7.9,12.4,1.9,2.2,0.4,1.4,4.2,39.7,0,0,-3.6
Manu Lecomte,ACC,23,49,26,23,47.4,22.3,7.5,16.5,45.7,3.5,8.6,41.0,3.7,4.3,86.5,0.5,2.8,3.2,6.9,2.6,1.0,0.1,3.1,37.2,1,0,0.6
Marc Loving,ACC,24,33,17,16,47.4,14.1,5.0,13.3,37.8,2.6,8.8,30.1,1.4,1.6,84.2,2.3,7.1,9.4,1.7,2.1,1.2,1.7,5.3,34.6,0,0,-1.5
Marcus Allen,SBL,24,43,20,23,45.2,18.5,7.5,15.7,47.9,0.8,2.4,31.3,2.6,5.2,50.5,1.4,3.9,5.3,2.4,2.1,1.7,0.5,4.6,32.6,0,0,-9.7
Marcus Derrickson,SCW,23,35,24,11,48.2,24.3,9.0,19.3,46.7,3.4,8.0,42.1,2.9,3.5,84.1,2.6,7.3,9.9,3.3,3.2,1.2,0.9,5.1,44.1,3,0,8.7
Marcus Georges-Hunt,MNE,25,9,2,7,48.9,18.0,6.4,14.7,43.8,2.0,5.8,34.2,3.2,3.5,91.3,1.4,4.9,6.3,2.3,3.1,2.3,0.3,2.9,33.7,1,0,-3.4
Marcus Keene,MHU,24,25,14,11,46.0,22.9,9.0,20.9,43.1,1.8,6.5,27.1,3.1,4.0,77.8,0.9,5.7,6.5,8.5,5.1,1.7,0.7,5.3,45.4,0,0,-3.7
Marcus Lee,SXF,24,19,4,15,44.6,17.8,7.4,10.1,73.3,0.0,0.1,0.0,3.0,4.6,65.9,4.3,9.5,13.8,1.7,3.1,1.8,1.8,5.9,44.5,0,0,-7.1
Marcus Posley,SXF,25,2,2,0,44.6,10.2,4.1,20.4,20.0,2.0,16.3,12.5,0.0,0.0,0.0,0.0,8.2,8.2,4.1,4.1,4.1,2.0,4.1,40.4,0,0,10.2
Marcus Thornton,GRD,32,35,23,12,46.1,34.2,12.6,27.6,45.5,4.9,12.7,38.4,4.3,5.2,81.7,1.7,5.1,6.8,3.7,2.7,2.0,0.7,3.6,53.6,1,0,8.3
Marcus Williams,STO,33,31,19,12,45.5,14.2,5.2,15.9,33.1,2.4,8.1,29.9,1.3,1.6,82.1,0.3,5.0,5.3,17.1,6.0,1.3,0.3,2.3,45.0,9,0,4.3
Mareik Isom,SLC,24,20,8,12,46.3,7.9,2.8,10.1,27.3,1.3,6.3,20.6,1.1,1.5,75.0,2.8,5.0,7.7,0.9,1.3,1.5,0.7,6.8,23.9,0,0,-16.6
Markel Crawford,MHU,24,47,27,20,46.3,20.0,7.6,18.9,40.1,2.3,7.4,30.8,2.6,3.2,80.8,1.3,5.1,6.4,3.2,2.5,2.5,0.5,3.7,39.0,0,0,1.3
Marquise Moore,IWA,24,43,18,25,46.8,17.4,7.0,15.0,46.4,0.0,0.3,16.7,3.4,4.9,69.7,2.0,7.7,9.7,5.1,2.3,1.1,1.1,3.3,40.7,5,1,1.1
Matt Farrell,DEL,23,45,18,27,45.7,18.2,6.8,16.5,41.0,3.2,9.2,35.1,1.4,1.8,75.5,0.6,5.0,5.6,10.5,3.9,1.2,0.3,3.2,40.9,5,0,0.9
Matt Jones,STO,24,49,30,19,46.3,17.1,6.0,14.3,42.2,2.3,6.5,34.5,2.8,3.4,82.1,1.0,4.7,5.7,2.6,1.1,1.6,0.2,2.7,32.1,0,0,0.9
Matthew Fisher-Davis,WES,23,11,4,7,44.0,9.9,3.1,12.5,25.0,2.1,10.4,20.0,1.6,2.6,60.0,1.0,3.6,4.7,1.6,1.6,1.6,0.0,5.7,21.0,0,0,3.1
Maverick Rowan,MNE,22,15,5,10,46.4,16.6,6.6,16.2,40.8,2.1,7.7,26.5,1.4,2.1,66.7,1.1,4.6,5.7,0.7,3.0,0.7,0.7,5.5,25.6,0,0,-18.2
Melvin Frazier Jr.,LAK,22,18,11,7,48.5,19.7,7.5,16.7,44.6,1.3,3.5,38.5,3.4,4.9,69.1,2.1,5.6,7.6,2.7,2.8,2.6,0.4,3.9,39.0,0,0,3.1
MiKyle McIntosh,RAP,24,25,14,11,46.7,21.6,8.3,16.9,49.3,1.4,5.1,28.6,3.5,5.0,69.4,3.5,7.1,10.6,2.1,3.0,1.4,1.0,6.3,41.6,3,0,0.8
Michael Bethea Jr.,GRD,24,46,25,21,46.3,21.9,7.6,18.6,40.8,3.8,11.0,34.5,3.0,4.0,73.6,1.2,5.9,7.2,2.1,2.8,2.0,0.2,3.8,37.4,0,0,-1.6
Michael Bryson,DEL,24,4,1,3,43.6,17.9,6.3,13.4,46.7,3.6,8.0,44.4,1.8,5.4,33.3,0.9,3.6,4.5,0.9,1.8,0.9,1.8,8.0,30.8,0,0,10.7
Michael Frazier,RGV,25,45,31,14,45.7,23.1,7.8,17.6,44.6,3.9,10.1,38.1,3.6,4.6,78.1,1.6,6.0,7.6,4.7,2.9,1.8,0.4,3.8,42.9,4,0,6.5
Michael Gbinije,SCW,27,46,32,14,47.0,13.0,4.8,11.9,39.9,2.5,7.0,35.2,1.0,1.5,68.4,1.0,4.4,5.4,3.0,1.4,2.0,0.4,3.0,29.9,0,0,3.4
Michael Orris,CAP,24,4,1,3,48.0,13.1,5.6,15.9,35.3,0.9,2.8,33.3,0.9,1.9,50.0,0.9,1.9,2.8,8.4,4.7,1.9,0.9,4.7,32.8,0,0,-8.4
Michael Qualls,WIS,25,50,12,38,45.6,22.2,7.4,18.2,40.6,2.0,6.8,29.0,5.4,7.4,72.9,2.2,8.4,10.6,3.6,2.5,1.8,1.1,2.4,46.4,8,0,-3.7
Mike Davis,CAP,30,22,11,11,45.1,14.9,6.3,12.4,50.8,0.0,0.4,0.0,2.4,2.7,85.7,2.7,8.8,11.6,2.5,3.1,1.8,1.0,6.1,37.7,0,0,-7.3
Mitchell Creek,LIN,27,41,27,14,43.6,21.9,8.5,15.3,55.2,0.5,2.2,22.2,4.5,6.1,74.1,3.4,4.4,7.8,3.3,2.2,1.3,0.3,3.0,39.0,3,0,10.5
Moritz Wagner,SBL,22,6,3,3,44.2,26.3,10.3,21.2,48.8,3.2,9.8,32.4,2.4,4.8,50.0,1.6,7.7,9.3,4.5,2.9,0.5,1.1,5.0,46.0,0,0,3.7
Muhammad-Ali Abdur-Rahkman,CTN,24,49,21,28,47.4,15.1,5.3,12.6,41.8,2.8,7.9,35.8,1.8,2.8,65.5,1.2,3.2,4.4,3.6,1.6,1.4,0.2,3.5,29.3,0,0,0.4
Mychal Mulder,WCB,25,47,26,21,46.9,19.6,6.9,15.1,46.0,4.1,9.9,41.2,1.6,2.2,74.6,0.3,5.5,5.8,2.3,1.2,1.0,0.5,3.3,33.3,0,0,-2.6
Myck Kabongo,RAP,27,33,20,13,45.5,16.8,5.7,17.2,33.3,0.8,5.5,15.1,4.5,6.5,69.4,0.5,4.4,4.9,6.7,4.3,2.0,0.2,5.7,34.9,0,0,-7.3
Nate Hickman,WES,24,7,3,4,46.2,6.9,2.6,11.2,23.1,0.9,5.2,16.7,0.9,1.7,50.0,0.0,6.9,6.9,3.4,2.6,3.4,0.0,6.0,28.1,0,0,-24.1
Nate Mason,TEX,23,13,3,10,45.7,23.1,9.2,22.1,41.7,2.6,7.3,35.7,2.1,2.4,85.7,0.5,4.5,5.0,6.3,0.9,1.9,0.5,4.2,45.0,0,0,-2.8
Naz Mitrou-Long,SLC,25,32,19,13,46.6,27.0,9.3,21.2,44.1,3.5,10.4,33.3,4.8,5.8,83.1,0.8,5.9,6.7,7.0,4.4,1.2,0.8,3.8,47.0,3,0,4.6
Nick Johnson,WIS,26,37,15,22,47.4,18.6,6.7,17.7,37.8,1.9,6.2,31.0,3.3,4.5,73.6,0.9,4.9,5.8,8.5,4.0,1.7,0.8,4.4,41.9,3,0,-5.4
Nick King,MNE,23,33,10,23,46.7,22.1,9.2,19.4,47.3,1.3,5.4,23.5,2.5,3.9,65.3,2.8,10.0,12.8,3.8,2.8,1.5,0.6,3.2,46.6,6,0,-2.4
Nigel Johnson,CTN,24,4,2,2,45.7,20.5,7.7,21.8,35.3,2.6,6.4,40.0,2.6,2.6,100,1.3,2.6,3.8,2.6,2.6,2.6,0.0,3.8,34.1,0,0,-6.4
Nino Johnson,MHU,26,32,17,15,46.6,17.1,7.2,11.8,61.4,0.0,0.0,0.0,2.6,4.0,66.0,4.9,8.8,13.7,3.2,2.4,2.5,3.4,6.6,53.6,0,0,-4.4
Noah Allen,CAP,24,42,22,20,45.8,16.6,6.0,14.9,40.4,2.2,7.3,30.3,2.4,3.1,76.0,1.7,8.4,10.1,4.4,3.0,1.8,0.4,3.2,38.9,4,1,-4.1
Norvel Pelle,DEL,26,36,17,19,46.0,22.4,9.4,13.4,70.3,0.0,0.0,0.0,3.5,4.7,75.0,4.9,11.9,16.8,2.5,4.5,0.7,5.9,7.4,61.5,13,0,2.7
Nuni Omot,LIN,24,44,30,14,42.9,18.3,6.3,17.0,37.2,2.0,8.0,25.0,3.7,4.4,82.8,2.1,4.3,6.4,1.8,2.8,0.7,0.5,3.8,29.6,0,0,-5.7
Okaro White,LIN,26,21,12,9,45.8,21.8,7.7,18.1,42.3,2.1,6.7,31.8,4.3,5.1,85.1,4.9,7.8,12.7,2.4,2.6,1.1,1.0,4.3,44.2,7,0,0.8
Oleksandr Kobets,CAP,23,3,1,2,35.5,13.6,4.5,13.6,33.3,4.5,4.5,100,0.0,0.0,0.0,13.6,0.0,13.6,4.5,4.5,0.0,0.0,4.5,32.3,0,0,-59.1
Omari Johnson,FWN,30,50,23,27,47.2,23.3,8.4,20.2,41.8,4.5,12.3,36.2,2.0,2.5,80.6,2.3,6.3,8.6,2.4,1.8,1.5,0.9,3.0,42.5,2,0,-2.5
Omari Spellman,ERI,21,3,0,3,44.0,22.0,7.2,17.9,40.0,3.1,9.9,31.8,4.5,8.5,52.6,3.6,13.0,16.6,4.9,1.8,0.9,2.2,4.5,56.9,2,0,-18.4
PJ Dozier,MNE,22,46,18,28,47.4,28.3,11.1,24.3,45.6,2.1,6.9,31.1,4.1,6.1,66.8,1.9,7.0,8.9,9.1,4.5,1.6,0.9,4.3,55.6,13,1,-0.4
Parker Jackson-Cartwright,WES,23,2,1,1,42.3,0.0,0.0,0.0,0.0,0.0,0.0,0.0,0.0,0.0,0.0,0.0,0.0,0.0,0.0,11.8,0.0,0.0,5.9,-11.8,0,0,-52.9
Paul Watson,WES,24,50,29,21,47.1,12.5,4.7,10.8,43.8,1.6,4.5,34.5,1.5,2.4,62.5,0.9,6.5,7.4,1.7,1.8,1.3,0.9,4.3,28.5,2,0,3.2
Pe'Shon Howard,CAP,28,49,24,25,45.9,19.5,6.5,17.1,37.8,3.7,9.1,40.6,2.9,3.7,78.4,0.6,4.1,4.7,6.4,3.3,1.5,0.3,3.2,36.6,0,0,-6.3
Peter Jok,NAS,25,43,10,33,46.9,22.1,7.6,17.7,42.6,4.2,10.2,40.9,2.8,3.3,82.8,0.6,6.7,7.3,2.1,2.4,2.1,0.1,3.2,38.3,2,0,-3.2
Phillip Carr,CTN,23,23,9,14,47.7,14.4,5.2,14.6,35.6,1.0,4.5,22.2,3.0,5.0,60.0,3.2,8.4,11.7,1.0,3.0,0.7,0.2,6.7,29.9,0,0,-23.3
Prince Williams,IWA,26,5,1,4,49.2,1.2,0.6,8.0,7.7,0.0,3.7,0.0,0.0,1.2,0.0,0.6,1.8,2.5,4.3,1.8,2.5,0.6,3.1,18.0,0,0,-3.1
Quenton DeCosey,SLC,25,16,9,7,47.5,17.6,7.2,17.1,42.1,0.2,3.2,7.1,2.9,3.4,86.7,2.3,5.2,7.4,4.5,5.2,1.4,0.7,4.7,34.1,0,0,1.4
Quincy Acy,TEX,28,3,1,2,47.3,30.8,11.8,25.6,46.3,3.3,9.5,35.0,3.8,6.2,61.5,1.9,9.5,11.4,1.9,1.9,2.4,2.4,5.7,59.6,1,0,17.1
Quinton Chievous,CAP,26,22,9,13,45.9,16.5,5.8,10.7,54.7,1.0,2.8,35.0,3.8,4.8,79.4,2.7,5.4,8.1,2.1,2.8,1.1,0.4,6.8,31.2,0,0,-10.8
RJ Hunter,MNE,25,44,21,23,44.7,25.0,8.2,20.5,40.2,4.0,11.8,34.0,4.5,5.4,83.9,0.6,6.5,7.2,5.7,3.5,2.2,1.5,4.2,49.5,3,1,0.4
Randy Haynes,GRD,24,5,1,4,45.8,10.7,4.0,16.0,25.0,0.0,0.0,0.0,2.7,2.7,100,1.3,2.7,4.0,2.7,1.3,0.0,0.0,2.7,18.1,0,0,-30.7
Raphiael Putney,SXF,29,40,22,18,44.9,24.4,8.3,18.4,45.3,2.9,9.2,31.5,4.8,5.8,82.8,1.7,10.6,12.3,3.0,3.2,1.5,3.5,4.8,55.6,11,0,3.4
Rashad Vaughn,DEL,22,51,22,29,45.5,25.9,9.2,22.7,40.7,4.2,10.7,39.2,3.2,3.8,85.2,1.2,5.7,6.9,4.2,3.0,1.4,0.4,3.2,42.9,3,0,-1.4
Rawle Alkins,WCB,21,44,21,23,46.9,20.6,8.4,18.9,44.5,1.9,6.1,30.7,1.9,3.1,61.8,3.1,6.8,9.9,5.5,4.0,1.7,1.3,3.2,45.7,4,0,-1.5
Ray McCallum,ACC,28,12,7,5,45.8,24.1,8.5,18.9,44.8,2.4,5.7,42.9,4.7,5.9,80.6,0.7,4.4,5.0,6.5,3.1,2.1,0.2,2.9,43.6,0,0,5.2
Ray Spalding,TEX,22,29,9,20,46.3,24.5,9.9,19.3,51.4,0.5,2.1,23.1,4.2,7.5,56.0,4.8,9.6,14.5,2.6,3.9,2.5,3.8,3.8,60.8,13,0,-2.8
Reggie Hearn,STO,27,40,22,18,46.0,18.5,5.9,13.6,43.1,3.9,9.8,40.4,2.8,3.2,87.3,1.0,6.3,7.2,2.4,2.4,0.5,0.4,4.6,31.0,0,0,0.3
Reggis Onwukamuche,LAK,27,27,19,8,47.3,7.7,2.8,4.8,59.0,0.5,0.9,57.1,1.6,2.9,54.2,3.0,4.3,7.3,2.7,3.7,1.0,1.3,7.4,23.8,0,0,0.4
Retin Obasohan,NAS,25,33,9,24,47.1,21.6,7.3,16.4,44.4,0.5,2.4,22.2,6.5,9.5,68.6,1.4,5.1,6.5,9.5,5.3,2.7,0.7,5.0,48.5,4,1,-3.0
Richard Solomon,OKL,27,35,25,10,46.4,24.3,9.5,16.1,58.6,0.4,2.0,17.5,5.1,7.2,70.6,5.6,9.6,15.1,3.1,4.2,2.3,1.8,6.4,55.1,13,0,5.7
Rob Gray,FWN,25,46,21,25,46.4,28.6,10.3,23.1,44.6,2.4,6.8,35.3,5.5,6.5,84.4,1.1,4.5,5.6,5.3,3.2,1.2,0.7,3.1,45.9,1,0,-2.5
Robert Heyer,SBL,27,37,14,23,45.6,12.3,4.7,10.6,44.6,1.7,5.5,31.5,1.1,1.3,86.4,1.9,5.1,7.0,3.5,1.6,1.7,0.3,3.9,30.5,0,0,-2.2
Robert Johnson,WIS,24,47,12,35,45.2,16.1,6.2,15.2,40.9,2.3,7.4,31.8,1.3,2.1,63.6,0.3,5.7,6.1,4.3,2.2,1.4,0.2,3.0,32.5,0,0,-6.7
Robert Williams III,MNE,21,5,1,4,45.9,27.6,12.0,16.4,73.3,0.0,0.0,0.0,3.6,5.1,71.4,6.5,11.3,17.8,4.0,2.5,1.1,4.7,5.1,69.9,3,0,5.8
Rodions Kurucs,LIN,21,4,3,1,41.9,18.9,6.5,17.9,36.1,2.0,6.5,30.8,4.0,4.0,100,4.0,7.5,11.4,3.5,3.0,3.0,2.5,4.5,51.3,0,0,6.5
Rodney Pryor,RAP,26,41,23,18,45.8,21.1,8.1,18.7,43.2,3.9,10.1,38.3,1.1,1.6,67.9,1.4,6.4,7.9,3.6,2.5,2.0,0.6,4.4,41.2,0,0,9.2
Rodney Purvis,SXF,25,49,23,26,44.7,19.6,7.2,18.8,38.2,3.0,9.7,30.9,2.3,3.3,69.7,0.5,4.7,5.2,5.1,2.9,1.2,0.4,3.5,35.8,2,0,-3.6
Roger Moute a Bidias,RGV,24,42,30,12,44.3,16.8,5.7,13.9,41.0,0.6,3.1,17.8,4.9,6.3,77.8,3.3,4.0,7.3,2.3,2.1,1.4,1.3,4.3,34.9,0,0,4.3
Roscoe Smith,GBO,28,23,10,13,45.2,19.9,8.4,18.3,45.7,1.0,3.6,28.1,2.1,3.0,70.4,3.8,8.0,11.9,2.3,3.2,0.8,1.1,2.7,40.1,0,0,-14.7
Ryan Anderson,DEL,26,37,15,22,45.5,18.9,7.5,15.5,48.5,0.5,2.4,19.4,3.4,5.8,59.3,7.7,13.7,21.4,3.0,2.5,1.1,1.0,3.8,53.0,8,0,1.5
Ryan Boatright,TEX,26,11,4,7,46.0,15.9,6.1,14.6,41.4,3.1,8.8,35.7,0.6,1.3,50.0,0.6,3.8,4.4,10.0,4.0,1.7,0.4,4.2,38.5,0,0,-9.8
Sam Thompson,GBO,26,49,23,26,45.6,15.7,6.3,15.0,42.0,1.8,6.2,28.1,1.3,1.8,76.9,1.7,5.1,6.8,2.9,1.9,1.8,0.6,3.4,33.8,1,0,-1.1
Sanjay Lumpkin,ERI,25,41,20,21,44.2,12.6,4.9,9.7,51.1,0.9,3.2,27.4,1.8,2.5,75.0,1.7,4.6,6.3,2.1,1.4,1.2,0.2,5.5,26.1,0,0,-0.3
Scoochie Smith,CTN,24,50,22,28,47.6,17.4,6.1,16.0,38.1,2.5,7.4,33.5,2.7,3.4,80.0,1.1,5.3,6.3,9.2,2.8,2.4,0.4,3.4,44.3,2,0,-0.8
Scott Machado,SBL,29,45,18,27,45.8,24.3,8.5,19.6,43.5,1.8,6.2,28.7,5.5,6.1,89.8,1.0,4.0,5.0,11.9,5.7,1.6,0.3,2.9,48.5,15,0,-1.1
Scottie Lindsey,GRD,23,15,6,9,46.8,21.1,8.5,19.3,44.1,3.1,10.3,29.9,0.9,2.0,46.7,0.9,6.4,7.3,1.9,2.0,1.6,0.4,5.6,36.7,0,0,-4.4
Scotty Hopson,OKL,29,35,26,9,45.6,27.2,11.0,20.7,53.0,1.9,5.8,32.0,3.4,4.7,72.0,1.2,5.6,6.9,4.8,3.7,1.8,0.4,3.5,45.4,0,0,8.1
Sekou Wiggs,WES,24,49,28,21,46.5,18.0,6.5,15.5,42.1,1.1,4.0,26.5,3.9,5.7,68.6,1.4,6.6,8.1,4.9,2.8,1.5,0.4,3.7,38.1,1,0,0.6
Shake Milton,DEL,22,27,10,17,45.6,32.7,12.1,25.0,48.4,2.8,7.7,36.7,5.6,7.0,80.4,1.8,4.6,6.3,7.0,3.6,1.7,0.6,3.7,54.2,4,0,1.2
Shannon Scott,LIN,26,46,30,16,43.7,13.0,4.8,12.8,37.4,2.4,7.3,32.5,1.0,1.3,76.7,1.1,6.3,7.3,8.5,3.8,1.6,0.4,3.3,37.0,4,3,-0.2
ShawnDre Jones,NAS,24,18,6,12,47.6,19.8,7.1,18.5,38.2,2.2,7.6,28.9,3.5,4.0,87.5,1.0,2.5,3.5,11.9,4.4,1.3,0.2,3.2,42.1,1,0,-2.9
Sheldon Jeter,MNE,24,41,17,24,46.9,19.7,6.8,14.3,47.3,4.1,9.3,43.9,2.1,2.2,94.6,1.4,6.0,7.4,2.7,1.8,1.4,1.6,6.1,40.1,0,0,-1.7
Shep Garner,GRD,24,42,23,19,46.5,17.1,5.8,17.0,34.0,4.5,13.0,34.6,1.0,1.2,88.2,0.5,3.9,4.4,3.3,2.8,2.2,0.2,4.1,31.8,0,0,-2.7
Shevon Thompson,WIS,26,30,9,21,46.1,28.0,11.8,18.1,65.2,0.0,0.1,0.0,4.3,5.9,72.5,8.9,11.3,20.2,1.6,4.0,0.9,1.6,4.5,58.1,13,0,-5.0
Shonn Miller,SLC,25,33,18,15,48.8,17.0,6.1,13.5,45.4,2.5,7.4,33.9,2.2,2.9,77.3,2.8,8.4,11.3,1.6,1.8,1.3,2.0,4.0,41.2,3,0,6.2
Sindarius Thornwell,ACC,24,6,3,3,47.3,22.7,7.2,17.3,41.8,1.3,7.0,18.5,7.0,9.3,75.0,0.5,4.1,4.6,3.1,4.6,1.8,0.5,5.9,35.2,0,0,3.4
Sir'Dominic Pointer,CTN,27,41,17,24,47.0,19.5,7.6,14.4,52.5,1.9,4.7,40.2,2.4,3.1,77.8,1.5,7.9,9.4,4.3,2.5,3.7,2.6,5.2,53.8,1,0,-1.9
Spencer Hawes,SBL,31,9,5,4,45.0,25.5,8.5,19.4,43.8,3.6,8.1,45.0,4.8,5.9,82.8,2.4,10.3,12.7,7.7,3.2,2.4,2.6,4.8,64.2,2,0,0.4
Stanford Robinson,RGV,23,11,8,3,43.3,9.5,3.2,16.9,18.8,0.0,6.3,0.0,3.2,6.9,46.2,2.6,6.3,9.0,4.8,4.2,4.2,1.1,8.5,39.1,0,0,-9.5
Stephan Hicks,FWN,27,48,22,26,47.0,22.3,7.9,17.2,45.9,1.5,4.8,30.4,5.0,5.8,85.6,3.5,6.3,9.8,1.7,2.2,0.8,0.3,2.7,37.8,10,0,-2.5
Stephaun Branch,SLC,23,50,27,23,47.0,12.6,4.9,11.5,43.1,1.3,4.6,29.0,1.4,1.9,71.2,2.0,7.1,9.1,2.3,2.2,2.6,2.5,3.8,40.0,1,0,3.8
Stephen Ugochukwu,TEX,23,1,0,1,39.8,0.0,0.0,0.0,0.0,0.0,0.0,0.0,0.0,0.0,0.0,0.0,0.0,0.0,0.0,12.5,0.0,12.5,0.0,25.0,0,0,-62.5
Stephen Zimmerman,WES,22,44,25,19,46.1,19.1,8.1,14.3,56.4,0.1,0.1,50.0,2.9,4.6,63.6,5.3,11.0,16.3,4.1,4.0,1.4,2.0,4.4,51.0,6,0,1.1
Sterling Brown,WIS,24,3,1,2,45.6,23.8,10.0,21.3,47.1,3.3,10.0,33.3,0.4,0.8,50.0,1.7,7.1,8.8,5.0,3.3,2.1,0.0,4.2,44.7,1,0,7.9
Svi Mykhailiuk,GRD,22,8,5,3,43.8,33.4,12.1,26.5,45.6,4.3,10.7,40.0,5.0,6.2,80.0,0.7,3.0,3.7,4.3,5.2,1.2,0.4,3.6,43.9,0,0,4.3
Tahjere McCall,LIN,24,33,23,10,43.3,18.8,6.8,13.7,49.8,1.1,3.8,27.6,4.1,5.4,75.9,2.5,4.6,7.1,4.5,2.8,2.4,0.8,5.6,40.8,1,0,4.1
Tanner McGrew,SLC,25,46,27,19,46.9,19.2,6.6,14.7,44.8,3.2,8.0,40.1,2.8,3.8,74.3,4.0,7.1,11.2,4.0,2.6,1.8,0.9,4.5,44.3,1,0,6.0
Taren Sullivan,STO,23,47,27,20,45.9,15.9,5.9,13.3,44.2,2.8,7.3,38.0,1.4,1.9,71.1,1.7,6.6,8.4,4.3,2.1,1.7,0.6,2.9,37.4,1,0,2.1
Tarik Phillip,MHU,25,47,27,20,45.7,21.7,8.0,17.1,46.7,2.2,5.4,40.4,3.5,4.5,78.3,1.7,5.9,7.6,6.5,2.9,2.5,1.0,3.8,48.4,7,0,5.3
Terrence Drisdom,DEL,26,14,6,8,47.2,10.7,4.5,11.3,39.5,1.5,2.7,55.6,0.3,0.6,50.0,1.8,6.3,8.0,3.6,1.5,3.0,0.6,4.2,34.9,0,0,2.1
Terrence Jones,RGV,27,26,12,14,44.1,34.1,12.5,23.4,53.5,2.1,5.2,40.9,6.9,11.2,61.7,2.7,10.7,13.4,8.3,4.7,2.1,1.0,3.4,67.0,9,2,5.0
Terry Maston,ACC,23,3,3,0,37.4,0.0,0.0,9.1,0.0,0.0,0.0,0.0,0.0,0.0,0.0,0.0,0.0,0.0,0.0,0.0,0.0,18.2,0.0,54.5,0,0,-72.7
Theo Johnson,STO,25,2,2,0,42.1,0.0,0.0,0.0,0.0,0.0,0.0,0.0,0.0,0.0,0.0,0.0,5.0,5.0,5.0,0.0,0.0,0.0,0.0,13.5,0,0,15.0
Theo Pinson,LIN,23,34,23,11,43.4,25.2,8.9,19.9,44.6,3.8,9.9,38.5,3.7,4.4,84.4,0.9,6.3,7.2,7.5,4.2,1.1,0.9,3.2,46.9,3,1,7.6
Thomas Bryant,CAP,21,1,1,0,43.3,27.6,9.2,15.8,58.3,1.3,3.9,33.3,7.9,9.2,85.7,7.9,13.2,21.1,3.9,2.6,1.3,3.9,2.6,72.0,1,0,27.6
Thomas Robinson,MNE,28,4,0,4,47.9,34.4,14.0,24.0,58.5,0.5,1.8,25.0,5.9,8.6,68.4,9.5,14.5,24.0,2.7,5.4,1.8,1.8,6.3,72.7,3,0,-8.1
Thomas Welsh,IWA,23,20,10,10,45.7,20.7,8.3,16.0,51.6,1.5,3.1,48.4,2.7,3.5,77.1,5.1,11.2,16.3,3.2,3.0,0.4,1.0,3.5,46.2,6,0,-2.7
Thomas Wilder,WCB,24,44,26,18,46.8,17.2,5.8,14.9,39.2,1.0,3.9,26.1,4.5,6.6,68.1,1.4,5.5,6.9,5.8,2.9,2.2,0.3,4.3,38.8,0,0,2.5
Thomas Wimbush,LIN,25,31,20,11,43.8,19.9,6.5,15.6,41.6,2.0,6.4,31.9,4.9,5.9,83.3,2.0,6.2,8.2,2.8,3.4,1.2,0.3,5.3,34.9,3,0,0.8
Tim Bond,RGV,23,47,32,15,44.2,14.5,5.4,15.5,34.5,1.4,5.5,26.0,2.4,3.3,73.3,2.0,5.6,7.6,8.3,4.8,2.3,1.6,4.9,43.4,0,0,3.9
Tiwian Kendley,WCB,24,22,11,11,45.6,21.7,8.4,21.9,38.6,1.8,7.3,24.3,3.0,4.6,66.0,1.2,3.3,4.5,3.3,4.4,2.4,0.6,4.5,36.5,0,0,-4.0
Todd Withers,GRD,23,48,26,22,46.1,12.4,4.5,11.0,40.5,2.2,7.1,31.7,1.3,1.8,72.3,1.7,8.4,10.1,2.0,1.6,1.8,1.4,3.4,35.5,2,0,2.7
Tommy Williams,ERI,26,11,5,6,42.2,11.6,5.2,11.6,44.4,0.4,3.9,11.1,0.9,1.3,66.7,3.9,9.1,12.9,4.3,3.9,1.3,1.3,6.0,37.5,0,0,-12.5
Tony Bradley,SLC,21,20,12,8,46.6,24.6,11.2,19.1,58.4,0.5,2.1,26.1,1.7,3.8,45.2,5.6,7.3,12.9,2.2,2.7,0.6,1.7,5.5,47.9,3,0,0.1
Tra-Deon Hollins,FWN,23,30,16,14,46.3,12.4,4.6,11.8,38.8,0.5,2.5,18.2,2.7,3.6,76.2,1.1,4.1,5.2,14.6,5.0,4.6,1.0,5.5,52.2,4,0,0.1
Trae Bell-Haynes,WIS,23,8,2,6,44.8,13.9,5.9,10.7,55.6,0.6,2.4,25.0,1.5,2.1,71.4,1.5,2.7,4.2,7.4,3.0,0.9,0.0,4.2,29.8,0,0,-0.3
Trahson Burrell,TEX,26,27,10,17,45.0,17.0,6.5,13.4,48.7,3.0,7.2,41.5,1.0,2.0,47.8,2.6,7.5,10.1,4.0,2.4,2.1,0.6,4.0,41.0,0,0,1.8
Travin Thibodeaux,FWN,23,33,13,20,47.1,14.7,6.4,12.5,51.2,0.1,0.4,33.3,1.8,2.9,61.5,6.0,7.6,13.6,3.7,2.0,2.1,1.5,6.3,45.5,5,0,3.5
Travis Bader,AUS,27,17,6,11,46.5,17.8,6.7,16.8,39.7,3.3,9.7,34.5,1.1,1.1,100,0.6,2.6,3.1,3.0,1.4,1.7,0.0,4.8,29.6,0,0,-6.5
Travis Trice II,AUS,26,36,12,24,46.3,23.2,8.6,19.9,43.1,2.8,7.2,38.6,3.2,4.0,79.2,0.8,4.9,5.8,9.8,3.3,1.6,0.3,2.2,47.4,11,1,0.2
Travis Wear,SBL,28,39,18,21,45.4,23.2,8.2,20.1,40.8,4.2,11.1,38.1,2.5,3.2,77.9,1.2,8.6,9.7,2.8,2.0,1.2,0.9,3.6,43.2,4,0,-1.5
Trayvon Palmer,NAS,24,35,10,25,47.0,14.8,5.8,14.4,39.9,1.8,7.2,25.2,1.5,2.1,71.9,2.7,6.6,9.3,2.8,3.5,1.6,1.0,4.1,34.3,2,0,-6.4
Tre'Darius McCallum,WCB,24,14,5,9,46.2,20.8,8.1,17.8,45.5,2.8,8.8,31.6,1.8,3.0,61.5,1.2,5.8,6.9,1.2,3.0,2.8,0.2,5.8,36.8,0,0,1.8
Tre'Shaun Fletcher,SLC,119,9,5,4,46.6,14.0,5.3,12.7,42.1,3.3,9.3,35.7,0.0,0.0,0.0,0.0,4.0,4.0,2.7,3.3,0.7,0.7,6.7,23.5,0,0,-19.3
Treveon Graham,LIN,25,1,1,0,42.2,27.9,9.8,18.0,54.5,3.3,8.2,40.0,4.9,6.6,75.0,3.3,9.8,13.1,1.6,4.9,6.6,0.0,3.3,60.8,0,0,42.6
Trevon Bluiett,SLC,24,24,15,9,46.9,23.0,7.8,19.5,39.9,4.0,10.7,37.5,3.4,3.7,91.5,1.9,6.0,7.9,3.6,2.1,1.7,0.6,4.0,42.3,1,0,4.2
Trevon Duval,RGV,20,39,9,30,45.0,20.0,7.8,18.6,42.2,1.3,5.6,24.3,2.9,4.5,64.5,0.8,3.7,4.5,5.9,4.2,1.9,0.1,3.5,36.0,1,0,-11.4
Trey Davis,MNE,26,9,5,4,47.3,16.1,5.5,17.4,31.5,2.3,7.7,29.2,2.9,3.9,75.0,1.6,7.4,9.0,9.0,4.2,1.0,0.0,1.9,39.2,0,0,2.6
Trey Lewis,SLC,26,14,7,7,47.5,26.1,8.0,21.6,37.0,4.7,13.5,35.2,5.3,6.7,80.0,0.7,2.5,3.3,4.9,2.8,0.7,0.1,4.4,37.2,0,0,3.9
Troy Brown Jr.,CAP,19,11,7,4,46.0,22.3,9.0,18.4,49.0,2.2,5.9,37.5,2.1,2.8,73.9,1.7,6.6,8.3,6.0,2.7,2.1,0.2,2.3,45.6,0,0,9.4
Troy Caupain,LAK,23,49,31,18,48.0,23.4,8.7,18.1,47.9,2.6,6.6,38.6,3.5,4.5,77.9,1.2,7.1,8.3,7.8,2.8,1.2,0.2,2.0,46.3,6,0,5.3
Troy Williams,STO,24,34,21,13,45.0,30.5,10.7,24.4,43.8,2.8,9.1,30.3,6.3,8.1,77.7,2.0,8.2,10.2,2.7,3.9,2.5,1.1,4.4,53.7,6,0,-0.6
Tyler Cavanaugh,SLC,25,41,23,18,46.7,27.4,9.0,19.6,45.9,3.4,8.5,40.4,6.0,7.2,83.2,2.4,9.5,12.0,4.2,3.1,1.1,0.6,4.1,50.0,12,0,1.7
Tyler Davis,OKL,22,15,12,3,45.9,29.5,11.2,19.7,57.0,0.0,0.0,0.0,7.1,9.3,76.5,9.8,10.0,19.8,3.1,3.2,0.9,2.9,5.4,66.0,8,0,12.0
Tyler Dorsey,MHU,23,5,5,0,44.5,37.4,12.4,24.7,50.0,3.7,10.1,36.1,9.0,9.3,97.0,0.8,9.0,9.8,7.0,2.8,2.8,1.1,3.1,68.7,1,0,16.3
Tyler Harvey,MHU,25,38,21,17,46.0,27.9,9.9,20.5,48.2,4.5,10.3,44.1,3.6,4.4,81.2,0.7,4.4,5.1,6.1,3.4,2.1,0.3,4.1,46.8,0,0,4.6
Tyler Lydon,CAP,23,8,3,5,44.7,17.6,6.7,15.1,44.0,2.8,8.2,34.7,1.5,2.5,60.0,3.8,9.0,12.8,3.3,3.0,1.2,0.8,4.0,41.0,3,0,-8.0
Tyler Nelson,GBO,23,36,15,21,45.3,20.1,6.9,15.1,45.7,4.0,9.3,42.7,2.3,2.8,81.4,0.3,4.4,4.7,2.8,1.4,0.7,0.4,2.5,31.8,0,0,-6.0
Tyler Roberson,ACC,24,15,8,7,45.4,24.7,10.1,16.5,61.3,0.0,0.0,0.0,4.4,6.9,64.1,8.5,8.4,16.9,2.3,2.8,1.4,2.1,6.0,56.3,3,0,-2.5
Tyler Ulis,WCB,23,4,1,3,48.1,33.8,10.5,26.9,39.2,1.8,7.3,25.0,10.9,13.5,81.1,1.1,4.7,5.8,12.7,4.7,2.9,0.4,2.9,65.0,2,0,-0.4
Tyrell Corbin,STO,26,17,10,7,45.4,11.1,3.8,12.4,30.4,1.9,5.7,33.3,1.6,3.0,54.5,0.8,4.6,5.4,6.2,2.7,1.9,0.0,3.5,29.9,0,0,-11.4
Tyrius Walker,WES,23,4,1,3,46.1,14.8,6.1,11.3,53.8,2.6,7.0,37.5,0.0,0.0,0.0,0.0,7.8,7.8,0.9,2.6,1.7,0.0,4.3,28.1,0,0,3.5
Uche Ofoegbu,RAP,25,12,9,3,43.9,13.3,5.2,16.5,31.7,0.0,2.8,0.0,2.8,4.0,70.0,3.2,3.2,6.5,2.4,3.6,0.4,0.0,6.9,22.3,0,0,-7.7
Uchenna Iroegbu,STO,22,3,2,1,45.0,19.7,5.6,12.7,44.4,2.8,4.2,66.7,5.6,5.6,100,0.0,1.4,1.4,1.4,2.8,0.0,1.4,7.0,24.9,0,0,7.0
V.J. Beachem,WCB,24,43,24,19,47.5,14.2,4.9,13.3,36.7,3.1,9.3,33.5,1.3,1.6,83.9,0.8,4.8,5.5,2.1,1.3,1.3,0.7,3.0,28.8,0,0,5.0
Vander Blue,TEX,26,39,9,30,45.6,17.5,6.1,16.2,37.9,1.3,5.2,25.4,4.0,5.2,75.8,1.1,5.2,6.3,4.0,2.5,2.0,0.1,3.3,34.8,1,0,-9.1
Vincent Edwards,RGV,23,31,19,12,45.9,14.6,5.5,14.3,38.3,2.9,9.1,31.4,0.8,1.4,60.7,2.4,5.5,7.9,3.3,1.7,1.3,0.6,3.5,32.8,1,0,-0.7
Vitto Brown,MNE,23,47,19,28,46.9,19.0,6.6,16.1,40.9,3.9,10.6,36.5,2.0,2.2,89.3,1.6,7.2,8.8,1.9,2.0,0.9,0.8,4.3,35.4,5,0,-0.2
Wade Baldwin IV,RAP,23,14,6,8,46.6,32.0,12.5,26.6,47.1,2.1,5.8,35.7,4.9,6.4,75.8,1.4,6.3,7.8,6.0,3.9,2.7,0.5,4.7,56.0,0,0,3.3
Walter Lemon Jr.,WCB,26,43,25,18,47.3,29.2,12.1,24.7,48.8,1.2,4.2,29.2,3.8,5.2,72.0,0.8,5.7,6.5,11.8,5.3,2.4,0.3,4.1,57.5,16,1,1.6
Wenyen Gabriel,STO,22,42,25,17,45.6,22.3,8.7,17.7,48.8,1.8,4.8,37.0,3.3,4.4,73.8,5.3,9.3,14.6,2.4,3.4,1.1,2.4,7.3,50.6,4,0,5.1
Wes VanBeck,SBL,23,2,0,2,43.8,0.0,0.0,6.1,0.0,0.0,0.0,0.0,0.0,0.0,0.0,0.0,9.1,9.1,6.1,0.0,0.0,0.0,3.0,20.0,0,0,-15.2
Will Cherry,SCW,28,46,30,16,47.2,15.2,6.1,16.0,38.0,0.9,4.4,19.8,2.2,3.0,72.0,1.1,5.2,6.3,7.4,3.0,2.6,0.5,4.1,40.2,0,0,3.5
Will Davis,LIN,26,10,9,1,42.4,17.0,8.1,14.4,56.4,0.7,1.1,66.7,0.0,0.4,0.0,4.4,6.3,10.7,2.2,1.8,0.4,2.2,3.0,39.0,0,0,-0.7
William Lee,IWA,24,32,11,21,46.6,15.2,6.2,14.7,42.1,1.5,5.6,27.7,1.3,1.8,71.4,2.7,10.0,12.6,1.4,1.9,1.3,1.9,4.6,40.1,5,0,-3.4
Willie Reed,SLC,29,21,11,10,47.3,31.6,13.6,20.4,66.5,0.2,0.2,100,4.3,7.3,58.8,7.2,10.6,17.8,2.5,2.3,1.0,2.8,4.3,65.9,12,0,7.3
Xavier Johnson,TEX,26,45,13,32,45.7,16.7,6.5,12.9,50.7,0.6,2.4,26.0,3.0,5.6,53.8,4.5,8.3,12.8,2.6,2.7,1.9,0.8,5.8,41.4,6,0,-4.7
Xavier Munford,WIS,27,14,4,10,45.2,24.1,9.2,19.9,46.2,2.0,5.7,35.0,3.7,4.6,81.3,1.0,4.6,5.6,7.1,3.7,2.2,0.6,3.4,46.0,1,0,-2.9
Xavier Rathan-Mayes,TEX,25,25,8,17,46.2,19.7,7.6,18.5,41.3,2.1,6.3,32.7,2.4,4.0,59.7,0.9,5.7,6.5,8.9,4.3,1.3,0.4,3.9,41.7,5,0,-10.4
Xavier Silas,IWA,31,18,7,11,45.0,22.6,7.6,19.6,38.6,4.5,12.1,36.8,3.0,3.6,82.9,1.1,3.4,4.6,1.7,2.3,1.6,0.4,4.7,34.2,0,0,-11.7
Yante Maten,SXF,22,30,14,16,46.0,33.1,11.6,21.6,53.9,1.6,5.0,32.7,8.2,10.5,77.7,4.9,8.6,13.5,2.6,3.8,1.1,1.5,4.5,57.3,14,0,2.9
Yuta Watanabe,MHU,24,33,18,15,46.0,19.2,6.9,15.8,43.4,1.7,5.1,33.3,3.7,4.5,82.7,2.2,7.7,9.9,3.8,2.1,1.2,1.6,2.9,42.9,6,0,2.4
Zach Lofton,GRD,26,24,10,14,45.9,24.1,9.1,22.3,40.7,2.0,7.9,24.8,4.0,5.3,75.7,1.4,4.2,5.6,4.1,4.0,2.2,0.2,2.6,40.0,1,0,-8.2
Zach Smith,GBO,23,44,23,21,45.1,11.6,4.9,8.3,59.9,0.1,0.4,25.0,1.6,3.2,50.0,3.5,9.3,12.8,2.9,1.9,1.3,2.8,4.7,41.7,1,0,-4.9
Zak Irvin,WES,24,30,14,16,47.6,17.4,7.9,13.8,56.7,0.0,0.4,12.5,1.7,2.7,60.7,3.1,9.5,12.7,4.5,2.2,1.6,0.1,2.1,42.2,6,0,2.8
Zhaire Smith,DEL,20,11,5,6,44.3,14.1,6.0,14.9,40.5,0.9,4.6,19.2,1.1,1.6,66.7,2.0,3.9,5.9,3.2,2.7,0.5,1.4,4.3,29.1,0,0,-3.7
Zhou Qi,RGV,23,7,4,3,45.8,19.5,7.5,14.3,52.5,2.6,7.0,36.7,1.9,5.2,36.4,4.5,11.0,15.5,3.8,5.4,0.9,3.5,5.9,51.7,3,0,10.3
