Player,Team,Season,Season Type,Games,Less than 8ft. %,8-16 feet %,16-24 feet %,24+ feet %,Back Court Shots %,Less than 8ft. usage %,8-16 feet usage %,16-24 feet usage %,24+ feet usage %,Back Court Shots Usage %,Avg. Shot Dis.,Avg Made Shot Dis,Avg Missed Shot Dis
Player,Team,Season,Season Type,Games,Less than 8ft. %,8-16 feet %,16-24 feet %,24+ feet %,Back Court Shots %,Less than 8ft. usage %,8-16 feet usage %,16-24 feet usage %,24+ feet usage %,Back Court Shots usage %,Avg. Shot Dis.(ft.),Avg. Made Shot Dis.(ft.),Avg. Missed Shot Dis.(ft.)
Drew Gordon,76ers,2014-2015,REG,9,0.636,0.500,0.000,0.000,0.000,57.89,10.53,15.79,15.79,0.00,8.95,2.00,14.00
David Stockton,Kings,2014-2015,REG,2,0.333,0.000,0.000,0.500,0.000,60.00,0.00,0.00,40.00,0.00,11.60,13.50,10.33
Joe Ingles,Jazz,2014-2015,REG,79,0.535,0.545,0.424,0.358,0.000,20.06,6.21,16.67,56.78,0.28,18.35,16.45,19.70
Bryce Cotton,Jazz,2014-2015,REG,15,0.533,0.545,0.348,0.350,0.000,21.74,15.94,33.33,28.99,0.00,15.83,13.69,17.38
Mitch McGary,Thunder,2014-2015,REG,32,0.608,0.387,0.250,0.000,0.000,72.73,18.79,7.27,1.21,0.00,5.10,3.25,7.21
Dante Exum,Jazz,2014-2015,REG,82,0.534,0.222,0.222,0.317,0.000,21.26,4.35,10.87,63.29,0.24,18.43,15.90,19.78
Andre Dawkins,"Heat, Celtics",2014-2015,REG,4,0.000,0.000,0.000,0.167,0.000,0.00,0.00,0.00,100.00,0.00,24.33,24.00,24.40
JaKarr Sampson,76ers,2014-2015,REG,74,0.571,0.292,0.200,0.252,0.000,53.64,7.00,2.92,35.86,0.58,11.43,7.17,14.56
Eric Moreland,Kings,2014-2015,REG,3,1.000,0.000,0.000,0.000,0.000,100.00,0.00,0.00,0.00,0.00,5.00,5.00,0.00
Shayne Whittington,Pacers,2014-2015,REG,20,0.480,0.000,0.600,0.167,0.000,59.52,2.38,23.81,14.29,0.00,9.31,7.89,10.48
Jerrelle Benimon,Jazz,2014-2015,REG,2,0.000,0.000,0.000,0.000,0.000,0.00,0.00,0.00,0.00,0.00,0.00,0.00,0.00
Clint Capela,Rockets,2014-2015,REG,12,0.417,0.000,0.000,0.000,0.000,100.00,0.00,0.00,0.00,0.00,1.92,0.50,2.93
Jusuf Nurkic,Nuggets,2014-2015,REG,62,0.460,0.368,0.382,0.000,0.000,85.64,4.96,8.88,0.52,0.00,4.46,3.56,5.19
Bruno Caboclo,Raptors,2014-2015,REG,8,0.333,0.000,0.000,0.667,0.000,50.00,16.67,8.33,25.00,0.00,10.25,12.00,9.38
Damjan Rudez,Pacers,2014-2015,REG,68,0.600,0.500,0.510,0.406,0.000,11.41,4.56,19.39,64.64,0.00,20.23,19.14,21.13
Tyler Johnson,Heat,2014-2015,REG,31,0.507,0.389,0.300,0.370,0.500,42.51,10.78,17.96,27.54,1.20,13.04,11.00,14.51
Sim Bhullar,Kings,2014-2015,REG,3,1.000,0.000,0.000,0.000,0.000,50.00,50.00,0.00,0.00,0.00,10.00,5.00,15.00
Jack Cooley,Jazz,2014-2015,REG,16,0.500,0.000,0.250,0.000,0.000,72.73,9.09,18.18,0.00,0.00,5.86,3.11,7.77
Tim Frazier,"76ers, Trail Blazers",2014-2015,REG,11,0.385,0.400,0.250,0.294,0.000,42.62,16.39,13.11,27.87,0.00,12.61,10.81,13.55
Tarik Black,"Rockets, Lakers",2014-2015,REG,63,0.614,0.000,0.231,0.000,0.000,91.94,2.93,4.76,0.00,0.37,2.99,1.55,4.94
David Wear,Kings,2014-2015,REG,2,0.000,0.000,0.000,0.000,0.000,50.00,0.00,0.00,50.00,0.00,12.00,0.00,12.00
Travis Wear,Knicks,2014-2015,REG,50,0.459,0.444,0.364,0.367,0.000,17.70,25.84,42.11,14.35,0.00,15.12,14.32,15.66
Langston Galloway,Knicks,2014-2015,REG,44,0.450,0.320,0.434,0.357,0.200,29.16,9.78,26.61,33.46,0.98,15.71,14.61,16.45
Maurice Harkless,Magic,2014-2015,REG,45,0.548,0.333,0.000,0.185,0.000,58.86,3.80,1.90,34.18,1.27,10.55,4.71,14.42
Tyler Zeller,Celtics,2014-2015,REG,82,0.567,0.524,0.482,0.000,0.000,76.34,10.21,13.45,0.00,0.00,5.34,4.75,6.06
Terrence Jones,Rockets,2014-2015,REG,33,0.595,0.238,0.222,0.361,0.000,77.59,7.02,3.01,12.04,0.33,6.29,4.06,8.80
Andrew Nicholson,Magic,2014-2015,REG,40,0.548,0.333,0.456,0.317,0.000,32.63,15.79,30.00,21.58,0.00,14.01,12.30,15.33
Evan Fournier,Magic,2014-2015,REG,58,0.540,0.324,0.345,0.386,0.000,44.13,6.58,10.32,38.26,0.71,13.41,10.96,15.35
Jared Sullinger,Celtics,2014-2015,REG,58,0.536,0.393,0.475,0.284,0.000,44.84,15.13,14.00,25.88,0.14,11.90,9.47,13.80
John Jenkins,Hawks,2014-2015,REG,24,0.786,0.250,0.552,0.404,0.000,14.14,4.04,29.29,52.53,0.00,19.04,16.98,21.06
Jared Cunningham,Clippers,2014-2015,REG,19,0.385,0.000,0.500,0.308,0.000,39.39,3.03,18.18,39.39,0.00,13.85,13.17,14.24
Tony Wroten,76ers,2014-2015,REG,30,0.491,0.091,0.000,0.272,0.000,63.81,2.55,0.70,31.55,1.39,10.17,6.48,12.64
Miles Plumlee,"Suns, Bucks",2014-2015,REG,73,0.562,0.353,0.667,0.000,0.000,85.43,13.39,1.18,0.00,0.00,3.22,2.43,4.13
Perry Jones,Thunder,2014-2015,REG,43,0.532,0.520,0.200,0.246,0.000,43.17,13.66,10.93,31.15,1.09,13.05,9.04,15.71
Festus Ezeli,Warriors,2014-2015,REG,46,0.583,0.474,0.000,0.000,0.000,82.73,13.67,3.60,0.00,0.00,4.11,2.83,5.65
Jeff Taylor,Hornets,2014-2015,REG,29,0.489,0.375,0.348,0.306,0.000,41.23,7.02,20.18,31.58,0.00,12.66,9.87,14.48
Bernard James,Mavericks,2014-2015,REG,16,0.444,0.000,0.000,0.000,0.000,100.00,0.00,0.00,0.00,0.00,1.30,0.50,1.93
Jae Crowder,"Mavericks, Celtics",2014-2015,REG,82,0.578,0.439,0.368,0.298,0.000,34.25,10.44,17.40,37.55,0.37,14.55,11.43,16.80
Draymond Green,Warriors,2014-2015,REG,79,0.585,0.350,0.340,0.343,0.000,41.97,7.97,7.04,43.03,0.00,13.70,10.70,16.10
Quincy Acy,Knicks,2014-2015,REG,67,0.606,0.435,0.378,0.305,0.000,38.37,13.90,29.61,17.82,0.30,12.40,9.67,14.72
Quincy Miller,"Kings, Pistons",2014-2015,REG,8,0.308,0.000,0.667,0.200,0.000,40.63,3.13,9.38,46.88,0.00,14.94,14.44,15.13
Khris Middleton,Bucks,2014-2015,REG,79,0.560,0.476,0.441,0.408,0.000,25.09,19.56,24.51,30.72,0.12,14.79,13.49,15.94
Will Barton,"Trail Blazers, Nuggets",2014-2015,REG,58,0.543,0.214,0.429,0.277,0.000,52.12,11.90,11.90,23.51,0.57,10.83,7.64,13.18
Mike Scott,Hawks,2014-2015,REG,68,0.593,0.421,0.460,0.347,0.000,29.80,16.78,11.04,41.94,0.44,15.19,12.56,17.29
Justin Hamilton,"Heat, Pelicans, Timberwolves",2014-2015,REG,41,0.561,0.421,0.333,0.323,0.000,60.11,10.67,11.80,17.42,0.00,8.84,6.68,10.82
Darius Miller,Pelicans,2014-2015,REG,5,0.500,0.000,0.000,0.000,0.000,28.57,28.57,28.57,14.29,0.00,14.86,7.00,16.17
Kostas Papanikolaou,Rockets,2014-2015,REG,43,0.472,0.182,0.250,0.292,0.000,36.55,5.58,4.06,53.81,0.00,14.98,12.13,16.52
Kyle O'Quinn,Magic,2014-2015,REG,51,0.657,0.423,0.346,0.286,0.000,46.46,11.50,23.01,18.58,0.44,11.60,8.12,14.90
Furkan Aldemir,76ers,2014-2015,REG,41,0.603,0.250,0.364,0.000,0.000,74.36,5.13,14.10,6.41,0.00,5.58,2.73,8.58
Robbie Hummel,Timberwolves,2014-2015,REG,45,0.737,0.333,0.437,0.314,0.000,22.09,6.98,41.28,29.65,0.00,16.01,12.92,18.63
Robert Sacre,Lakers,2014-2015,REG,67,0.451,0.373,0.411,0.000,0.000,39.87,35.95,23.86,0.33,0.00,9.91,9.17,10.42
Ognjen Kuzmic,Warriors,2014-2015,REG,16,0.667,0.500,1.000,0.000,0.000,50.00,33.33,16.67,0.00,0.00,7.33,7.75,6.50
Hollis Thompson,76ers,2014-2015,REG,71,0.478,0.465,0.250,0.401,0.000,28.91,7.92,10.31,52.85,0.00,16.67,15.61,17.41
Mirza Teletovic,Nets,2014-2015,REG,40,0.516,0.231,0.455,0.323,0.000,28.53,4.08,6.90,60.19,0.31,17.45,15.04,18.95
Chris Copeland,Pacers,2014-2015,REG,50,0.459,0.273,0.304,0.311,0.000,35.16,3.55,7.42,53.87,0.00,15.97,13.73,17.24
Pablo Prigioni,"Knicks, Rockets",2014-2015,REG,67,0.556,0.462,0.583,0.348,0.000,15.86,5.73,5.29,72.25,0.88,20.56,18.47,21.93
Alexey Shved,"76ers, Rockets, Knicks",2014-2015,REG,42,0.500,0.158,0.333,0.348,0.000,42.99,5.67,9.85,40.30,1.19,14.04,11.23,15.89
Kent Bazemore,Hawks,2014-2015,REG,75,0.519,0.182,0.381,0.364,0.000,47.13,6.65,6.34,39.88,0.00,12.44,10.37,13.98
Brian Roberts,Hornets,2014-2015,REG,72,0.487,0.393,0.433,0.326,0.000,16.81,12.39,28.10,42.04,0.66,18.05,16.70,18.91
Henry Sims,76ers,2014-2015,REG,73,0.558,0.404,0.436,0.200,0.000,46.88,20.93,28.17,4.02,0.00,9.74,8.35,11.02
Chris Johnson,"76ers, Jazz, Bucks",2014-2015,REG,28,0.609,0.400,0.333,0.293,0.000,30.87,3.36,4.03,61.74,0.00,16.48,12.51,19.08
Justin Holiday,Warriors,2014-2015,REG,59,0.484,0.529,0.356,0.324,0.000,27.23,7.23,19.15,45.96,0.43,16.71,14.45,18.15
JaMychal Green,"Spurs, Grizzlies",2014-2015,REG,22,0.786,1.000,0.300,0.000,0.000,62.22,2.22,22.22,13.33,0.00,8.11,3.38,14.58
JaMychal Green,"Spurs, Grizzlies",2014-2015,REG,2,0.000,0.000,0.000,0.000,0.000,0.00,0.00,0.00,0.00,0.00,0.00,0.00,0.00
Jorge Gutierrez,"Nets, Bucks",2014-2015,REG,20,0.636,0.667,0.462,0.000,0.000,53.66,7.32,31.71,7.32,0.00,9.80,7.73,12.21
Quincy Miller,Kings,2014-2015,REG,2,0.000,0.000,0.000,0.000,0.000,0.00,0.00,50.00,50.00,0.00,21.33,0.00,21.33
Toure Murry,"Jazz, Wizards",2014-2015,REG,5,0.667,0.000,0.000,0.000,0.000,60.00,0.00,40.00,0.00,0.00,9.20,0.50,15.00
Glen Rice Jr.,Wizards,2014-2015,REG,5,0.400,0.000,0.000,0.143,0.000,33.33,13.33,6.67,46.67,0.00,14.67,7.67,16.42
Aron Baynes,Spurs,2014-2015,REG,70,0.605,0.419,0.458,0.250,0.000,78.29,13.15,7.34,1.22,0.00,4.64,3.72,5.83
Nerlens Noel,76ers,2014-2015,REG,75,0.531,0.259,0.273,0.000,0.000,74.43,17.15,8.42,0.00,0.00,5.08,3.26,6.65
Alex Len,Suns,2014-2015,REG,69,0.602,0.279,0.341,0.500,0.000,68.27,19.26,11.61,0.57,0.28,5.76,3.62,7.95
Allen Crabbe,Trail Blazers,2014-2015,REG,51,0.800,0.111,0.167,0.353,0.000,22.88,5.88,15.69,55.56,0.00,17.46,13.27,20.39
Andre Roberson,Thunder,2014-2015,REG,67,0.625,0.500,0.000,0.253,0.000,56.00,1.00,0.50,41.50,1.00,11.01,5.97,15.31
Anthony Bennett,Timberwolves,2014-2015,REG,57,0.606,0.231,0.331,0.318,0.000,36.82,8.78,46.96,7.43,0.00,12.24,9.20,14.46
Archie Goodwin,Suns,2014-2015,REG,41,0.480,0.154,0.227,0.308,0.000,62.19,6.47,10.95,19.40,1.00,9.21,6.14,11.20
Ben McLemore,Kings,2014-2015,REG,82,0.560,0.444,0.411,0.366,0.000,31.93,6.71,13.91,46.83,0.62,15.71,13.31,17.57
CJ McCollum,Trail Blazers,2014-2015,REG,62,0.519,0.446,0.371,0.396,0.000,29.59,15.34,16.99,38.08,0.00,14.81,13.38,15.90
Cody Zeller,Hornets,2014-2015,REG,62,0.535,0.389,0.353,1.000,0.000,57.64,4.83,37.27,0.27,0.00,8.36,6.45,9.99
Dennis Schroder,Hawks,2014-2015,REG,77,0.490,0.359,0.381,0.354,0.000,50.38,9.62,17.74,22.11,0.15,10.86,9.18,12.11
Dewayne Dedmon,Magic,2014-2015,REG,59,0.586,0.300,0.250,0.000,0.000,90.63,6.25,2.50,0.00,0.63,2.79,1.46,4.45
Erick Green,Nuggets,2014-2015,REG,43,0.538,0.379,0.356,0.313,0.000,16.05,17.90,36.42,29.63,0.00,16.67,14.93,17.71
Gorgui Dieng,Timberwolves,2014-2015,REG,73,0.537,0.547,0.319,0.333,0.000,60.35,25.00,13.48,0.59,0.59,7.18,5.94,8.45
Isaiah Canaan,"Rockets, 76ers",2014-2015,REG,47,0.451,0.286,0.370,0.371,0.000,24.07,3.70,7.14,64.81,0.26,18.57,17.64,19.15
Jamaal Franklin,Nuggets,2014-2015,REG,3,0.000,0.000,0.000,0.500,0.000,0.00,0.00,0.00,100.00,0.00,26.00,26.00,26.00
Jeff Withey,Pelicans,2014-2015,REG,37,0.491,0.500,0.667,0.000,0.000,82.81,12.50,4.69,0.00,0.00,3.83,3.66,4.00
Kelly Olynyk,Celtics,2014-2015,REG,64,0.604,0.442,0.339,0.351,0.000,46.40,9.85,10.61,32.95,0.19,12.17,9.26,14.80
Kentavious Caldwell-Pope,Pistons,2014-2015,REG,82,0.505,0.423,0.343,0.349,0.000,30.56,9.98,13.79,45.06,0.62,15.77,13.59,17.23
Lorenzo Brown,Timberwolves,2014-2015,REG,29,0.534,0.333,0.533,0.222,0.000,47.54,17.21,12.30,22.13,0.82,11.47,8.46,13.70
Mason Plumlee,Nets,2014-2015,REG,82,0.584,0.333,0.500,0.000,0.000,95.91,3.07,0.41,0.00,0.61,2.27,1.29,3.58
Michael Carter-Williams,"76ers, Bucks",2014-2015,REG,66,0.500,0.394,0.248,0.240,0.000,51.97,13.86,17.58,16.38,0.22,10.14,7.20,12.08
Mike Muscala,Hawks,2014-2015,REG,40,0.630,0.545,0.471,0.409,0.000,48.34,14.57,22.52,14.57,0.00,10.06,8.53,11.93
Nate Wolters,"Bucks, Pelicans",2014-2015,REG,21,0.405,0.429,0.333,0.000,0.000,64.91,12.28,10.53,12.28,0.00,8.09,5.10,9.70
Otto Porter,Wizards,2014-2015,REG,74,0.602,0.450,0.377,0.340,0.000,34.02,10.23,29.16,26.34,0.26,13.95,11.14,16.25
Ray McCallum,Kings,2014-2015,REG,68,0.535,0.466,0.329,0.315,0.000,46.64,12.58,17.14,23.43,0.22,11.48,8.93,13.47
Reggie Bullock,"Clippers, Suns",2014-2015,REG,36,0.538,0.000,0.182,0.311,0.000,18.84,0.00,15.94,65.22,0.00,19.23,16.52,20.59
Ricky Ledo,"Mavericks, Knicks",2014-2015,REG,17,0.327,0.000,0.308,0.370,0.000,57.29,1.04,13.54,28.13,0.00,11.24,11.19,11.27
Robert Covington,76ers,2014-2015,REG,70,0.496,0.231,0.227,0.378,0.000,30.01,5.18,5.84,58.70,0.27,17.03,15.35,18.13
Rudy Gobert,Jazz,2014-2015,REG,82,0.628,0.000,0.000,0.000,0.000,96.25,1.87,1.41,0.47,0.00,1.76,0.73,3.34
Shabazz Muhammad,Timberwolves,2014-2015,REG,38,0.603,0.333,0.326,0.392,0.000,55.16,21.16,10.83,12.85,0.00,8.64,6.56,10.64
Shane Larkin,Knicks,2014-2015,REG,76,0.531,0.396,0.430,0.302,0.000,40.51,11.11,21.53,26.85,0.00,12.93,10.70,14.63
Steven Adams,Thunder,2014-2015,REG,70,0.562,0.379,0.000,0.000,0.000,91.94,7.30,0.25,0.25,0.25,2.92,2.04,3.98
Tim Hardaway Jr.,Knicks,2014-2015,REG,69,0.505,0.302,0.381,0.345,0.000,26.78,7.39,16.46,48.95,0.42,16.91,14.94,18.17
Tony Snell,Bulls,2014-2015,REG,72,0.573,0.263,0.368,0.374,0.000,31.54,5.12,10.24,52.56,0.54,16.17,13.60,18.10
Trey Burke,Jazz,2014-2015,REG,76,0.412,0.373,0.403,0.319,0.167,27.23,11.81,22.12,38.24,0.60,16.05,14.87,16.74
Vander Blue,Lakers,2014-2015,REG,2,0.400,0.000,0.200,0.200,0.000,50.00,0.00,16.67,33.33,0.00,12.40,9.00,13.86
Victor Oladipo,Magic,2014-2015,REG,72,0.522,0.353,0.347,0.336,0.000,50.00,10.82,16.42,22.48,0.28,10.74,8.47,12.46
Giannis Antetokounmpo,Bucks,2014-2015,REG,81,0.560,0.418,0.393,0.171,0.000,65.00,10.13,19.23,5.26,0.38,7.17,4.85,9.41
Sergey Karasev,Nets,2014-2015,REG,33,0.547,0.308,0.357,0.302,0.000,39.55,9.70,10.45,39.55,0.75,13.84,10.98,15.78
Grant Jerrett,"Thunder, Jazz",2014-2015,REG,8,0.667,1.000,0.000,0.067,0.000,23.08,7.69,11.54,57.69,0.00,17.50,7.86,21.05
Lucas Nogueira,Raptors,2014-2015,REG,6,0.333,0.000,0.000,0.000,0.000,75.00,12.50,12.50,0.00,0.00,4.75,0.00,6.33
Phil Pressey,Celtics,2014-2015,REG,50,0.461,0.333,0.429,0.250,0.000,43.68,6.90,12.07,36.78,0.57,13.37,10.44,15.07
James Ennis,Heat,2014-2015,REG,61,0.517,0.333,0.250,0.330,0.000,47.77,2.43,11.34,38.06,0.40,12.69,9.68,14.77
Matthew Dellavedova,Cavaliers,2014-2015,REG,67,0.281,0.317,0.348,0.407,0.000,18.57,19.54,7.49,54.40,0.00,17.54,18.57,16.96
Solomon Hill,Pacers,2014-2015,REG,82,0.450,0.409,0.350,0.330,0.000,47.32,10.41,9.46,32.49,0.32,11.96,10.18,13.12
Ryan Kelly,Lakers,2014-2015,REG,52,0.457,0.232,0.237,0.338,0.000,26.21,18.12,12.30,43.04,0.32,15.87,14.20,16.71
Joffrey Lauvergne,Nuggets,2014-2015,REG,24,0.525,0.000,0.143,0.200,0.000,68.54,5.62,7.87,16.85,1.12,7.92,3.47,10.94
Gal Mekel,"Mavericks, Pelicans",2014-2015,REG,4,0.333,0.000,0.000,0.000,0.000,45.00,20.00,20.00,15.00,0.00,10.85,3.00,12.24
Gigi Datome,"Pistons, Celtics",2014-2015,REG,21,0.688,0.444,0.400,0.450,0.000,17.98,20.22,16.85,44.94,0.00,17.17,15.60,18.63
Pero Antic,Hawks,2014-2015,REG,63,0.532,0.333,0.323,0.301,0.000,26.01,5.07,10.47,58.45,0.00,17.29,14.53,18.88
Miroslav Raduljica,Timberwolves,2014-2015,REG,5,0.429,0.000,0.000,0.000,0.000,87.50,12.50,0.00,0.00,0.00,4.38,2.67,5.40
Ian Clark,"Jazz, Nuggets",2014-2015,REG,30,0.615,0.143,0.000,0.333,0.000,23.64,12.73,9.09,54.55,0.00,16.85,13.74,18.50
Seth Curry,Suns,2014-2015,REG,2,0.000,0.000,0.000,0.000,0.000,0.00,0.00,66.67,33.33,0.00,22.33,0.00,22.33
Brandon Davies,"76ers, Nets",2014-2015,REG,27,0.431,0.476,0.529,0.235,0.000,47.45,15.33,12.41,24.82,0.00,11.07,9.33,12.24
Kalin Lucas,Grizzlies,2014-2015,REG,1,0.000,0.000,0.000,0.000,0.000,0.00,100.00,0.00,0.00,0.00,14.00,0.00,14.00
Patrick Christopher,Jazz,2014-2015,REG,4,0.250,0.000,0.500,0.000,0.000,33.33,0.00,33.33,33.33,0.00,15.58,13.00,16.44
Larry Drew,76ers,2014-2015,REG,12,0.636,0.250,0.471,0.167,0.000,18.97,6.90,29.31,41.38,3.45,19.62,13.90,22.63
Troy Daniels,"Rockets, Timberwolves, Hornets",2014-2015,REG,47,0.375,0.000,0.462,0.364,0.000,9.70,3.03,15.76,71.52,0.00,21.40,21.52,21.33
PJ Hairston,Hornets,2014-2015,REG,45,0.345,0.526,0.276,0.304,0.000,21.56,7.06,10.78,59.85,0.74,18.71,17.61,19.24
Will Cherry,Cavaliers,2014-2015,REG,8,0.375,0.000,0.000,0.222,0.000,42.11,5.26,5.26,47.37,0.00,13.68,10.80,14.71
Russ Smith,"Pelicans, Grizzlies",2014-2015,REG,12,0.500,0.400,0.000,0.200,0.000,32.00,20.00,4.00,40.00,4.00,16.72,9.88,19.94
Shabazz Napier,Heat,2014-2015,REG,50,0.409,0.353,0.408,0.368,0.000,19.30,7.46,21.49,51.32,0.44,18.09,17.51,18.45
Zach LaVine,Timberwolves,2014-2015,REG,77,0.555,0.304,0.354,0.348,0.000,37.81,8.27,29.25,24.22,0.44,13.63,11.06,15.50
Tyler Ennis,"Suns, Bucks",2014-2015,REG,33,0.433,0.391,0.278,0.279,0.000,41.67,15.97,12.50,29.86,0.00,12.30,9.92,13.64
Markel Brown,Nets,2014-2015,REG,47,0.469,0.409,0.279,0.270,0.000,38.57,10.48,20.48,30.00,0.48,13.22,10.30,14.87
Elfrid Payton,Magic,2014-2015,REG,82,0.472,0.352,0.333,0.268,0.000,68.05,18.34,7.74,5.87,0.00,6.40,5.07,7.40
Jordan Clarkson,Lakers,2014-2015,REG,59,0.552,0.436,0.386,0.314,0.000,41.68,15.80,22.18,20.34,0.00,11.82,9.72,13.52
Devyn Marble,Magic,2014-2015,REG,16,0.444,0.500,0.500,0.182,0.000,40.91,4.55,4.55,50.00,0.00,14.16,10.64,15.80
KJ McDaniels,"76ers, Rockets",2014-2015,REG,62,0.514,0.250,0.306,0.287,0.000,48.85,8.29,8.29,34.56,0.00,11.73,8.52,13.84
Nick Johnson,Rockets,2014-2015,REG,28,0.413,0.250,0.000,0.211,1.000,63.89,5.56,2.78,26.39,1.39,9.67,7.36,10.89
CJ Wilcox,Clippers,2014-2015,REG,21,0.714,1.000,0.200,0.368,0.000,18.42,5.26,26.32,50.00,0.00,18.92,15.50,21.41
Jabari Brown,Lakers,2014-2015,REG,19,0.508,0.263,0.385,0.371,0.000,37.06,11.18,15.29,36.47,0.00,14.08,12.51,15.18
Gary Harris,Nuggets,2014-2015,REG,55,0.413,0.435,0.321,0.204,0.000,29.03,10.60,12.90,47.47,0.00,15.80,12.59,17.21
Spencer Dinwiddie,Pistons,2014-2015,REG,34,0.379,0.333,0.409,0.190,0.000,34.32,14.20,13.02,37.28,1.18,14.88,11.45,16.36
Nik Stauskas,Kings,2014-2015,REG,73,0.423,0.435,0.373,0.322,0.000,24.40,7.90,17.53,50.17,0.00,17.13,15.79,17.89
Rodney Hood,Jazz,2014-2015,REG,50,0.505,0.482,0.340,0.367,0.000,26.08,15.05,13.44,44.62,0.81,16.39,14.44,17.76
Jordan Adams,Grizzlies,2014-2015,REG,30,0.447,0.714,0.188,0.400,0.000,44.19,8.14,18.60,29.07,0.00,12.52,10.89,13.65
Cleanthony Early,Knicks,2014-2015,REG,38,0.488,0.545,0.200,0.262,0.000,39.25,5.14,16.36,39.25,0.00,14.25,10.64,16.23
Glenn Robinson,"Timberwolves, 76ers",2014-2015,REG,35,0.517,0.500,0.231,0.263,0.000,43.28,8.96,19.40,28.36,0.00,12.81,8.96,15.24
James Young,Celtics,2014-2015,REG,31,0.667,0.500,0.421,0.258,0.000,14.71,1.96,18.63,64.71,0.00,19.75,16.14,21.71
Jerami Grant,76ers,2014-2015,REG,65,0.423,0.200,0.250,0.314,0.000,44.44,4.27,6.84,44.44,0.00,13.60,11.40,14.80
Joe Harris,Cavaliers,2014-2015,REG,51,0.500,0.333,0.500,0.369,0.000,18.33,5.00,6.67,70.00,0.00,18.88,17.77,19.63
Doug McDermott,Bulls,2014-2015,REG,36,0.500,0.000,0.417,0.317,0.000,46.73,3.74,11.21,38.32,0.00,12.81,10.51,14.36
Cory Jefferson,Nets,2014-2015,REG,50,0.548,0.432,0.355,0.143,0.000,50.30,22.16,18.56,8.38,0.60,9.04,6.57,11.05
Sean Kilpatrick,Timberwolves,2014-2015,REG,4,0.400,0.000,1.000,0.308,0.000,25.00,5.00,5.00,65.00,0.00,17.55,16.86,17.92
Earl Barron,Suns,2014-2015,REG,16,0.083,0.444,0.357,0.500,0.000,30.77,23.08,35.90,10.26,0.00,12.38,16.25,10.67
David Stockton,Kings,2014-2015,REG,1,0.000,0.000,0.000,0.000,0.000,0.00,100.00,0.00,0.00,0.00,8.00,0.00,8.00
Andrew Bogut,Warriors,2014-2015,REG,67,0.598,0.400,0.000,0.000,0.000,85.06,14.37,0.57,0.00,0.00,3.31,2.47,4.40
Marvin Williams,Hornets,2014-2015,REG,78,0.575,0.406,0.452,0.360,0.000,21.37,6.45,18.75,53.23,0.20,18.01,15.88,19.59
Chris Paul,Clippers,2014-2015,REG,82,0.555,0.529,0.495,0.397,0.000,17.08,26.13,26.90,29.89,0.00,15.98,15.01,16.90
Raymond Felton,Mavericks,2014-2015,REG,29,0.514,0.455,0.385,0.303,0.000,33.02,10.38,24.53,31.13,0.94,14.64,12.00,16.44
Martell Webster,Wizards,2014-2015,REG,32,0.350,0.200,0.261,0.238,0.000,22.22,5.56,25.56,46.67,0.00,17.29,15.54,17.92
Charlie Villanueva,Mavericks,2014-2015,REG,64,0.477,0.444,0.526,0.376,0.000,23.76,9.94,5.25,61.05,0.00,17.32,16.19,18.12
Channing Frye,Magic,2014-2015,REG,75,0.370,0.400,0.411,0.394,0.000,9.54,4.15,15.15,71.16,0.00,21.43,21.56,21.35
Deron Williams,Nets,2014-2015,REG,68,0.410,0.424,0.351,0.372,0.000,34.46,15.28,19.56,30.31,0.39,13.86,13.05,14.37
Danny Granger,"Heat, Suns",2014-2015,REG,30,0.516,0.471,0.367,0.357,0.000,19.14,10.49,18.52,51.85,0.00,17.60,15.89,18.75
Gerald Green,Suns,2014-2015,REG,74,0.570,0.466,0.389,0.357,0.000,18.25,15.17,16.84,49.36,0.39,17.50,15.44,18.97
Nate Robinson,"Nuggets, Clippers",2014-2015,REG,42,0.483,0.412,0.294,0.277,0.000,22.75,13.33,20.00,43.92,0.00,16.71,14.49,17.88
Jarrett Jack,Nets,2014-2015,REG,80,0.574,0.403,0.455,0.281,0.000,27.29,27.66,27.17,17.01,0.86,13.74,11.72,15.32
Francisco Garcia,Rockets,2014-2015,REG,14,0.600,0.143,0.000,0.227,0.000,15.87,11.11,1.59,69.84,1.59,19.65,15.12,21.33
Jason Maxiell,Hornets,2014-2015,REG,61,0.500,0.322,0.304,0.000,0.000,57.29,30.73,11.98,0.00,0.00,7.09,5.42,8.31
Ian Mahinmi,Pacers,2014-2015,REG,61,0.601,0.250,0.188,0.000,0.000,86.73,5.69,7.58,0.00,0.00,3.66,2.16,5.48
David Lee,Warriors,2014-2015,REG,49,0.566,0.439,0.303,0.000,0.000,70.61,18.21,10.54,0.32,0.32,5.63,4.00,7.34
Brandon Bass,Celtics,2014-2015,REG,82,0.600,0.400,0.457,0.281,0.000,46.85,21.23,27.23,4.69,0.00,9.16,7.43,10.92
CJ Miles,Pacers,2014-2015,REG,70,0.565,0.366,0.391,0.349,0.000,19.47,9.92,16.69,53.33,0.60,18.35,16.18,19.78
Ersan Ilyasova,Bucks,2014-2015,REG,58,0.545,0.400,0.491,0.389,0.000,40.22,6.28,19.39,34.11,0.00,13.36,11.68,14.87
Ronny Turiaf,"Timberwolves, 76ers",2014-2015,REG,2,0.000,0.000,0.000,0.000,0.000,0.00,0.00,0.00,0.00,0.00,0.00,0.00,0.00
Monta Ellis,Mavericks,2014-2015,REG,80,0.550,0.417,0.440,0.286,0.000,36.41,12.04,30.58,20.90,0.07,13.11,11.02,14.78
Louis Williams,Raptors,2014-2015,REG,80,0.519,0.418,0.441,0.342,0.000,20.77,15.49,15.71,47.91,0.11,17.34,15.66,18.48
Amir Johnson,Raptors,2014-2015,REG,75,0.605,0.448,0.478,0.413,0.000,80.71,5.71,4.53,9.06,0.00,5.52,4.38,7.05
Marcin Gortat,Wizards,2014-2015,REG,82,0.644,0.426,0.354,0.000,0.000,67.10,26.32,6.19,0.39,0.00,5.56,4.04,7.55
Ronnie Price,Lakers,2014-2015,REG,43,0.483,0.500,0.222,0.290,0.000,26.91,8.07,16.14,47.98,0.90,16.93,13.61,18.68
Jose Calderon,Knicks,2014-2015,REG,41,0.548,0.359,0.389,0.415,0.000,11.86,11.02,37.01,40.11,0.00,18.44,17.64,19.01
Shavlik Randolph,"Suns, Celtics",2014-2015,REG,21,0.231,1.000,0.500,0.000,0.000,74.29,5.71,5.71,14.29,0.00,7.80,5.78,8.50
Alan Anderson,Nets,2014-2015,REG,74,0.626,0.434,0.297,0.356,0.000,31.66,12.07,8.43,46.70,1.14,15.66,12.34,18.29
Will Bynum,Wizards,2014-2015,REG,7,0.667,0.250,0.333,0.000,0.000,29.03,12.90,29.03,29.03,0.00,14.81,7.80,18.14
Charles Hayes,Raptors,2014-2015,REG,29,0.476,0.500,0.000,0.000,0.000,91.30,8.70,0.00,0.00,0.00,3.15,3.14,3.17
John Lucas III,Pistons,2014-2015,REG,21,0.353,0.455,0.472,0.310,0.000,16.35,21.15,34.62,27.88,0.00,16.83,16.38,17.13
Andrea Bargnani,Knicks,2014-2015,REG,28,0.486,0.468,0.446,0.366,0.000,29.09,26.04,33.52,11.36,0.00,13.03,12.26,13.68
LaMarcus Aldridge,Trail Blazers,2014-2015,REG,71,0.594,0.406,0.416,0.356,0.000,32.01,24.17,36.40,7.35,0.07,12.35,10.72,13.77
Tyrus Thomas,Grizzlies,2014-2015,REG,2,0.000,1.000,0.000,0.000,0.000,0.00,100.00,0.00,0.00,0.00,12.00,12.00,0.00
Randy Foye,Nuggets,2014-2015,REG,50,0.486,0.273,0.286,0.362,0.000,17.91,2.74,13.93,64.68,0.75,19.99,18.47,20.87
Rudy Gay,Kings,2014-2015,REG,68,0.523,0.468,0.391,0.357,0.000,38.72,24.31,17.01,19.69,0.28,11.91,10.36,13.19
JJ Redick,Clippers,2014-2015,REG,78,0.570,0.453,0.507,0.437,0.000,12.90,8.00,30.28,48.83,0.00,19.02,18.41,19.57
Thabo Sefolosha,Hawks,2014-2015,REG,52,0.531,0.400,0.160,0.321,0.000,52.42,6.05,10.08,31.45,0.00,10.88,7.81,13.10
Shawne Williams,"Heat, Pistons",2014-2015,REG,63,0.491,0.368,0.479,0.360,0.000,18.33,6.33,16.00,59.33,0.00,18.30,17.20,19.04
Rajon Rondo,"Celtics, Mavericks",2014-2015,REG,68,0.538,0.366,0.323,0.318,0.000,46.36,11.01,29.30,13.18,0.16,10.88,8.42,12.71
Kyle Lowry,Raptors,2014-2015,REG,70,0.554,0.315,0.387,0.339,0.000,30.92,12.43,18.69,37.77,0.20,15.25,13.02,16.80
Shannon Brown,Heat,2014-2015,REG,5,0.500,0.000,0.000,0.429,0.000,42.11,5.26,15.79,36.84,0.00,12.84,10.14,14.42
Jordan Farmar,Clippers,2014-2015,REG,36,0.524,0.333,0.387,0.361,0.000,13.29,5.70,19.62,61.39,0.00,19.80,18.79,20.43
Joel Freeland,Trail Blazers,2014-2015,REG,48,0.564,0.455,0.375,0.000,0.000,51.66,21.85,26.49,0.00,0.00,8.60,7.30,9.86
Steve Novak,"Jazz, Thunder",2014-2015,REG,35,0.000,0.000,0.375,0.396,0.000,0.00,0.00,14.29,85.71,0.00,23.96,23.77,24.09
PJ Tucker,Suns,2014-2015,REG,78,0.557,0.405,0.403,0.345,0.000,38.59,7.05,12.08,42.28,0.00,13.90,11.38,15.86
Paul Millsap,Hawks,2014-2015,REG,73,0.573,0.310,0.422,0.356,0.000,55.38,12.47,8.92,23.23,0.00,9.84,7.72,11.77
Ryan Hollins,Kings,2014-2015,REG,45,0.703,0.500,0.400,0.000,0.000,80.00,7.50,12.50,0.00,0.00,4.44,3.08,6.96
Lou Amundson,"Cavaliers, Knicks",2014-2015,REG,52,0.436,0.378,0.500,0.000,0.000,76.47,17.65,5.49,0.00,0.39,4.87,4.21,5.37
Jose Juan Barea,Mavericks,2014-2015,REG,77,0.487,0.427,0.407,0.325,0.000,44.78,13.99,10.07,30.97,0.19,12.29,10.35,13.69
Kevin Durant,Thunder,2014-2015,REG,27,0.685,0.534,0.394,0.404,0.000,27.62,22.94,15.81,33.63,0.00,14.32,12.03,16.70
Al Horford,Hawks,2014-2015,REG,76,0.630,0.406,0.494,0.306,0.000,46.74,14.30,35.23,3.73,0.00,10.16,8.68,11.87
Mike Conley,Grizzlies,2014-2015,REG,70,0.517,0.467,0.355,0.392,0.000,40.32,14.06,14.29,30.88,0.46,13.04,11.22,14.51
Jeff Green,"Celtics, Grizzlies",2014-2015,REG,78,0.554,0.366,0.314,0.337,0.000,42.47,15.17,12.34,29.50,0.52,12.56,9.82,14.61
Corey Brewer,"Timberwolves, Rockets",2014-2015,REG,80,0.551,0.386,0.294,0.278,0.000,51.08,8.87,10.77,28.26,1.01,11.15,7.38,13.94
Brandan Wright,"Mavericks, Celtics, Suns",2014-2015,REG,75,0.672,0.488,0.500,0.000,0.000,85.67,11.85,1.65,0.55,0.28,3.35,2.24,5.35
Joakim Noah,Bulls,2014-2015,REG,67,0.476,0.429,0.325,0.000,0.000,78.22,3.28,18.03,0.00,0.47,5.35,4.03,6.41
Spencer Hawes,Clippers,2014-2015,REG,73,0.493,0.388,0.396,0.316,0.000,34.30,11.84,11.59,42.03,0.24,14.80,12.57,16.25
Thaddeus Young,"Timberwolves, Nets",2014-2015,REG,76,0.544,0.363,0.305,0.333,0.000,63.08,12.82,12.20,11.79,0.10,8.11,6.01,9.94
Rodney Stuckey,Pacers,2014-2015,REG,71,0.516,0.428,0.369,0.396,0.000,37.80,20.16,23.34,18.44,0.27,12.08,10.77,13.11
Nick Young,Lakers,2014-2015,REG,42,0.446,0.292,0.352,0.372,0.000,15.55,15.13,22.06,46.85,0.42,18.17,17.57,18.51
Marco Belinelli,Spurs,2014-2015,REG,62,0.465,0.500,0.462,0.376,0.000,18.30,10.21,22.55,48.72,0.21,18.00,16.85,18.84
Jason Smith,Knicks,2014-2015,REG,81,0.423,0.476,0.430,0.357,0.000,23.99,24.49,44.43,7.09,0.00,13.47,13.17,13.70
Jared Dudley,Bucks,2014-2015,REG,72,0.596,0.500,0.500,0.385,0.000,21.04,12.29,21.28,45.39,0.00,16.81,15.22,18.21
Wilson Chandler,Nuggets,2014-2015,REG,78,0.565,0.310,0.317,0.343,0.000,41.03,8.92,8.41,41.54,0.10,13.79,11.09,15.82
Aaron Brooks,Bulls,2014-2015,REG,82,0.465,0.450,0.300,0.392,0.000,40.76,13.59,7.34,37.82,0.49,13.59,12.33,14.50
Arron Afflalo,"Nuggets, Trail Blazers",2014-2015,REG,78,0.508,0.443,0.447,0.354,0.000,21.38,20.70,20.25,37.67,0.00,15.85,14.78,16.64
Tiago Splitter,Spurs,2014-2015,REG,52,0.566,0.438,0.000,0.000,0.000,94.39,5.28,0.33,0.00,0.00,2.74,2.38,3.19
Carl Landry,Kings,2014-2015,REG,70,0.565,0.564,0.410,0.000,0.000,52.62,15.15,32.23,0.00,0.00,8.81,7.52,10.19
Glen Davis,Clippers,2014-2015,REG,74,0.576,0.235,0.234,0.000,0.000,66.67,13.33,18.43,1.18,0.39,6.91,4.05,9.33
Josh McRoberts,Heat,2014-2015,REG,17,0.643,0.667,0.000,0.421,0.000,52.83,5.66,5.66,35.85,0.00,11.32,8.32,14.68
Marc Gasol,Grizzlies,2014-2015,REG,81,0.596,0.437,0.403,0.214,0.000,44.77,29.31,24.32,1.32,0.28,9.62,8.00,11.21
Ramon Sessions,"Kings, Wizards",2014-2015,REG,64,0.429,0.314,0.270,0.317,0.000,54.18,15.79,11.46,18.58,0.00,9.76,7.87,10.88
Joel Anthony,Pistons,2014-2015,REG,48,0.592,0.538,0.000,0.000,0.000,79.03,20.97,0.00,0.00,0.00,3.61,2.36,5.35
CJ Watson,Pacers,2014-2015,REG,57,0.530,0.404,0.411,0.407,0.000,23.98,11.27,22.78,41.25,0.72,16.58,15.24,17.60
Anthony Tolliver,"Suns, Pistons",2014-2015,REG,76,0.595,0.500,0.333,0.366,0.000,18.83,2.04,5.34,73.79,0.00,19.53,17.39,21.02
Michael Beasley,Heat,2014-2015,REG,24,0.609,0.435,0.319,0.235,0.000,32.55,29.25,22.17,16.04,0.00,12.14,9.70,14.02
O.J. Mayo,Bucks,2014-2015,REG,71,0.560,0.415,0.354,0.360,0.000,28.57,13.43,18.57,39.29,0.14,15.18,13.01,16.76
Derrick Rose,Bulls,2014-2015,REG,51,0.549,0.333,0.380,0.284,0.143,37.72,14.37,15.45,31.62,0.84,13.66,10.82,15.59
Russell Westbrook,Thunder,2014-2015,REG,67,0.522,0.409,0.365,0.301,0.000,43.07,19.02,18.33,19.43,0.14,11.30,9.08,12.95
Kevin Love,Cavaliers,2014-2015,REG,75,0.509,0.400,0.468,0.367,0.000,36.34,11.03,11.45,41.18,0.00,14.29,12.64,15.56
Danilo Gallinari,Nuggets,2014-2015,REG,59,0.515,0.472,0.358,0.357,0.250,23.94,6.34,16.73,52.29,0.70,17.73,15.89,18.96
Eric Gordon,Pelicans,2014-2015,REG,61,0.416,0.269,0.380,0.450,0.000,31.60,9.67,13.28,45.17,0.29,15.72,15.93,15.57
D.J. Augustin,"Pistons, Thunder",2014-2015,REG,82,0.467,0.400,0.343,0.345,0.000,42.48,9.30,10.39,36.90,0.93,13.68,11.35,15.23
Brook Lopez,Nets,2014-2015,REG,72,0.569,0.477,0.422,0.100,0.000,54.31,25.94,18.74,1.01,0.00,7.94,6.84,9.10
Jerryd Bayless,Bucks,2014-2015,REG,77,0.528,0.418,0.406,0.311,0.000,34.11,10.66,31.98,23.06,0.19,13.54,11.61,14.98
Jason Thompson,Kings,2014-2015,REG,81,0.527,0.439,0.371,0.000,0.000,58.75,15.83,25.18,0.00,0.24,8.33,6.92,9.59
Brandon Rush,Warriors,2014-2015,REG,33,0.308,0.250,0.300,0.111,0.000,24.07,7.41,18.52,50.00,0.00,17.48,14.18,18.33
Robin Lopez,Trail Blazers,2014-2015,REG,59,0.574,0.418,0.387,0.000,0.000,77.35,15.33,7.09,0.23,0.00,4.52,3.41,5.79
Marreese Speights,Warriors,2014-2015,REG,76,0.584,0.463,0.420,0.313,0.000,43.08,12.89,41.19,2.52,0.31,10.66,9.10,12.17
Roy Hibbert,Pacers,2014-2015,REG,76,0.506,0.357,0.440,0.000,0.000,49.01,29.58,21.13,0.28,0.00,8.54,7.80,9.14
JaVale McGee,"Nuggets, 76ers",2014-2015,REG,23,0.645,0.154,0.000,0.000,0.000,78.48,16.46,5.06,0.00,0.00,4.14,1.60,7.03
JJ Hickson,Nuggets,2014-2015,REG,73,0.528,0.301,0.227,0.000,0.000,78.87,15.90,4.79,0.22,0.22,4.29,2.68,5.75
Alexis Ajinca,Pelicans,2014-2015,REG,68,0.595,0.510,0.429,0.000,0.000,59.45,29.88,10.67,0.00,0.00,6.77,6.17,7.50
Ryan Anderson,Pelicans,2014-2015,REG,61,0.539,0.333,0.349,0.344,0.000,28.57,10.08,12.04,48.88,0.42,16.49,14.34,17.91
Courtney Lee,Grizzlies,2014-2015,REG,77,0.556,0.393,0.449,0.411,0.000,21.29,19.24,24.61,34.54,0.32,15.61,14.54,16.47
Kosta Koufos,Grizzlies,2014-2015,REG,81,0.563,0.328,0.333,0.000,0.000,76.70,17.33,5.97,0.00,0.00,4.95,3.84,6.10
Serge Ibaka,Thunder,2014-2015,REG,64,0.597,0.491,0.438,0.381,0.000,30.06,14.71,29.16,26.06,0.00,13.93,12.16,15.55
Nicolas Batum,Trail Blazers,2014-2015,REG,71,0.641,0.373,0.348,0.322,0.000,21.40,8.53,18.73,51.34,0.00,17.42,14.52,19.34
George Hill,Pacers,2014-2015,REG,43,0.617,0.483,0.450,0.361,0.000,32.71,16.26,14.95,35.70,0.37,14.46,12.01,16.69
Darrell Arthur,Nuggets,2014-2015,REG,58,0.603,0.404,0.431,0.239,0.000,19.01,14.84,37.50,28.39,0.26,16.32,14.04,17.86
Nikola Pekovic,Timberwolves,2014-2015,REG,31,0.431,0.349,1.000,0.000,0.000,86.28,13.11,0.61,0.00,0.00,3.79,3.11,4.29
Joey Dorsey,Rockets,2014-2015,REG,69,0.554,0.000,0.000,0.000,0.000,97.89,0.70,0.70,0.00,0.70,2.01,1.08,3.12
Mario Chalmers,Heat,2014-2015,REG,79,0.500,0.417,0.373,0.300,0.125,42.84,10.86,8.90,36.20,1.21,13.12,10.30,15.02
DeAndre Jordan,Clippers,2014-2015,REG,82,0.712,1.000,0.000,0.250,0.000,98.88,0.37,0.00,0.75,0.00,0.92,0.54,1.85
Omer Asik,Pelicans,2014-2015,REG,76,0.527,0.167,0.000,0.000,0.000,98.28,1.47,0.25,0.00,0.00,1.36,0.83,1.94
Luc Mbah a Moute,76ers,2014-2015,REG,67,0.488,0.333,0.373,0.308,0.000,38.68,4.25,25.31,31.60,0.16,13.80,11.48,15.32
Chris Douglas-Roberts,Clippers,2014-2015,REG,12,0.333,0.000,0.000,0.143,0.000,57.14,4.76,4.76,33.33,0.00,10.29,4.80,12.00
Goran Dragic,"Suns, Heat",2014-2015,REG,78,0.651,0.364,0.354,0.347,0.000,49.50,15.07,9.58,25.85,0.00,10.55,7.70,13.41
Henry Walker,Heat,2014-2015,REG,24,0.357,0.400,0.333,0.344,0.000,16.67,2.98,1.79,77.98,0.60,20.71,20.05,21.06
Anthony Morrow,Thunder,2014-2015,REG,74,0.547,0.460,0.481,0.432,0.000,15.55,18.49,13.26,52.70,0.00,17.66,16.82,18.38
Cartier Martin,Pistons,2014-2015,REG,23,0.429,0.333,0.500,0.188,0.000,13.21,5.66,18.87,60.38,1.89,20.38,17.20,21.63
Greg Stiemsma,Raptors,2014-2015,REG,17,0.714,1.000,0.000,0.000,0.000,87.50,12.50,0.00,0.00,0.00,3.50,3.50,3.50
Blake Griffin,Clippers,2014-2015,REG,67,0.602,0.414,0.404,0.417,0.000,48.78,11.19,37.85,2.10,0.09,9.97,8.06,11.88
James Harden,Rockets,2014-2015,REG,81,0.541,0.426,0.337,0.375,0.000,39.71,9.39,13.12,37.78,0.00,13.52,11.43,15.15
Tyreke Evans,Pelicans,2014-2015,REG,79,0.505,0.263,0.386,0.315,0.000,65.73,3.33,11.13,19.19,0.61,8.73,6.61,10.43
Ricky Rubio,Timberwolves,2014-2015,REG,22,0.317,0.435,0.404,0.255,0.000,18.72,10.50,47.49,23.29,0.00,16.11,16.10,16.12
Stephen Curry,Warriors,2014-2015,REG,80,0.632,0.464,0.396,0.450,0.000,26.06,9.44,16.39,47.51,0.60,17.12,15.22,18.91
Jordan Hill,Lakers,2014-2015,REG,70,0.558,0.363,0.394,0.273,0.000,44.02,17.37,37.19,1.42,0.00,10.45,8.74,11.91
DeMar DeRozan,Raptors,2014-2015,REG,60,0.553,0.370,0.350,0.280,0.000,30.22,27.21,33.85,8.52,0.21,12.33,10.35,13.71
Brandon Jennings,Pistons,2014-2015,REG,41,0.471,0.322,0.391,0.362,0.000,37.57,10.87,12.71,38.67,0.18,14.08,12.56,15.10
Gerald Henderson,Hornets,2014-2015,REG,80,0.556,0.406,0.406,0.331,0.000,28.45,22.08,33.41,16.06,0.00,13.17,11.48,14.48
Tyler Hansbrough,Raptors,2014-2015,REG,74,0.544,0.400,0.500,0.143,0.000,89.09,3.03,3.64,4.24,0.00,3.54,2.49,4.68
Earl Clark,Nets,2014-2015,REG,10,0.750,0.000,0.364,0.286,0.000,13.33,3.33,36.67,46.67,0.00,18.73,16.00,20.32
Austin Daye,"Spurs, Hawks",2014-2015,REG,34,0.375,0.385,0.350,0.343,0.000,17.14,18.57,14.29,50.00,0.00,17.36,16.54,17.82
James Johnson,Raptors,2014-2015,REG,70,0.690,0.360,0.400,0.208,0.000,74.55,6.49,6.49,12.47,0.00,6.35,3.51,10.42
Jrue Holiday,Pelicans,2014-2015,REG,40,0.510,0.471,0.352,0.389,0.000,37.91,23.02,13.73,25.34,0.00,12.22,11.02,13.19
Ty Lawson,Nuggets,2014-2015,REG,75,0.543,0.470,0.347,0.352,0.000,33.59,19.98,24.30,21.49,0.65,13.30,11.02,15.06
Jeff Teague,Hawks,2014-2015,REG,73,0.524,0.437,0.405,0.343,0.000,54.90,13.42,8.34,23.34,0.00,10.00,8.07,11.64
Darren Collison,Kings,2014-2015,REG,45,0.580,0.456,0.479,0.380,0.000,31.93,12.48,26.06,28.99,0.55,14.30,12.33,16.09
Omri Casspi,Kings,2014-2015,REG,67,0.551,0.250,0.222,0.400,0.000,68.82,8.63,2.16,20.38,0.00,8.04,6.17,9.82
Taj Gibson,Bulls,2014-2015,REG,62,0.546,0.380,0.415,0.000,0.000,72.19,19.72,8.09,0.00,0.00,5.09,3.79,6.41
DeMarre Carroll,Hawks,2014-2015,REG,70,0.608,0.400,0.463,0.395,0.000,41.04,6.13,6.28,46.55,0.00,13.82,11.51,16.02
Wayne Ellington,Lakers,2014-2015,REG,65,0.535,0.377,0.392,0.370,0.000,20.58,8.59,31.44,39.38,0.00,17.08,15.69,18.05
Toney Douglas,Pelicans,2014-2015,REG,12,0.688,0.000,0.333,0.278,0.000,31.37,15.69,17.65,35.29,0.00,14.82,10.32,17.50
Victor Claver,Trail Blazers,2014-2015,REG,10,0.286,0.000,0.500,0.545,0.000,35.00,0.00,10.00,55.00,0.00,15.70,18.33,13.55
Jeff Ayres,Spurs,2014-2015,REG,51,0.649,0.353,0.250,0.000,0.000,77.89,17.89,4.21,0.00,0.00,3.81,2.33,5.85
Dante Cunningham,Pelicans,2014-2015,REG,66,0.571,0.333,0.426,0.111,0.000,33.04,7.96,56.05,2.65,0.29,13.28,11.53,14.75
DeJuan Blair,Wizards,2014-2015,REG,29,0.532,0.111,0.000,0.000,0.000,82.46,15.79,1.75,0.00,0.00,4.67,3.35,5.77
Jonas Jerebko,"Pistons, Celtics",2014-2015,REG,75,0.535,0.261,0.421,0.386,0.000,41.95,6.07,15.04,36.94,0.00,13.37,11.46,14.91
Jodie Meeks,Pistons,2014-2015,REG,60,0.510,0.467,0.372,0.349,0.000,28.65,14.04,17.60,39.70,0.00,15.31,13.49,16.61
Patrick Beverley,Rockets,2014-2015,REG,56,0.459,0.371,0.235,0.356,0.000,29.51,6.58,3.20,60.71,0.00,16.62,15.35,17.41
Marcus Thornton,"Celtics, Suns",2014-2015,REG,48,0.470,0.286,0.391,0.380,0.000,33.91,6.09,18.55,41.16,0.29,15.37,14.05,16.27
Chase Budinger,Timberwolves,2014-2015,REG,67,0.550,0.356,0.358,0.364,0.000,38.21,11.54,13.59,36.67,0.00,13.53,11.34,15.20
Nick Calathes,Grizzlies,2014-2015,REG,58,0.531,0.306,0.190,0.250,0.000,58.61,14.75,8.61,18.03,0.00,9.06,5.96,11.28
Danny Green,Spurs,2014-2015,REG,81,0.551,0.377,0.347,0.419,0.000,21.14,7.18,9.76,61.79,0.14,18.04,16.85,18.96
A.J. Price,"Pacers, Cavaliers, Suns",2014-2015,REG,26,0.400,0.471,0.452,0.263,0.000,10.95,24.82,22.63,41.61,0.00,17.82,16.29,18.73
Patty Mills,Spurs,2014-2015,REG,51,0.473,0.308,0.438,0.343,0.000,16.37,7.74,21.73,53.87,0.30,18.61,17.42,19.35
Lester Hudson,Clippers,2014-2015,REG,5,0.600,0.000,0.000,0.500,0.000,35.71,7.14,14.29,42.86,0.00,15.14,13.17,16.63
Garrett Temple,Wizards,2014-2015,REG,52,0.500,0.308,0.360,0.379,0.000,25.88,7.65,14.71,51.18,0.59,16.81,15.44,17.72
Jerel McNeal,Suns,2014-2015,REG,6,0.333,0.250,0.000,0.500,0.000,27.27,36.36,18.18,18.18,0.00,12.00,13.67,11.38
Wesley Matthews,Trail Blazers,2014-2015,REG,60,0.598,0.459,0.453,0.387,0.000,22.47,9.84,8.51,59.18,0.00,17.54,15.79,18.95
Alonzo Gee,"Nuggets, Trail Blazers",2014-2015,REG,54,0.547,0.083,0.273,0.371,0.000,68.82,6.45,5.91,18.82,0.00,7.11,4.66,9.26
Reggie Williams,Spurs,2014-2015,REG,20,0.750,0.400,0.333,0.167,0.000,31.58,13.16,7.89,47.37,0.00,14.66,8.27,18.83
John Wall,Wizards,2014-2015,REG,79,0.578,0.420,0.396,0.310,0.000,34.76,14.51,32.10,18.03,0.60,13.04,10.56,15.03
Evan Turner,Celtics,2014-2015,REG,82,0.502,0.443,0.408,0.277,0.000,33.11,30.56,20.38,15.95,0.00,11.82,10.34,12.93
Derrick Favors,Jazz,2014-2015,REG,74,0.630,0.371,0.341,0.167,0.000,61.34,24.53,13.47,0.66,0.00,6.80,4.82,8.98
Wesley Johnson,Lakers,2014-2015,REG,76,0.631,0.405,0.349,0.354,0.000,20.41,11.43,30.68,37.19,0.29,16.78,14.53,18.37
DeMarcus Cousins,Kings,2014-2015,REG,59,0.521,0.342,0.383,0.250,0.000,64.82,10.69,23.73,0.75,0.00,7.23,5.73,8.55
Ekpe Udoh,Clippers,2014-2015,REG,33,0.545,0.417,0.000,0.000,0.000,45.83,50.00,4.17,0.00,0.00,7.75,7.09,8.31
Greg Monroe,Pistons,2014-2015,REG,69,0.514,0.345,0.351,0.000,0.000,89.21,6.45,4.34,0.00,0.00,3.51,2.65,4.37
Al-Farouq Aminu,Mavericks,2014-2015,REG,74,0.529,0.526,0.120,0.274,0.000,52.94,5.32,7.00,34.73,0.00,10.96,7.17,13.60
Gordon Hayward,Jazz,2014-2015,REG,76,0.512,0.443,0.462,0.365,0.000,33.82,16.22,19.54,30.32,0.09,13.81,12.29,15.05
Paul George,Pacers,2014-2015,REG,6,0.333,0.429,0.250,0.409,0.000,24.49,14.29,16.33,44.90,0.00,16.41,17.11,16.00
Cole Aldrich,Knicks,2014-2015,REG,60,0.508,0.353,0.000,0.000,0.000,82.39,16.94,0.66,0.00,0.00,4.32,3.28,5.27
Xavier Henry,Lakers,2014-2015,REG,9,0.167,0.333,0.250,0.000,0.000,46.15,23.08,30.77,0.00,0.00,9.54,10.67,9.20
Ed Davis,Lakers,2014-2015,REG,79,0.620,0.333,0.000,0.000,0.000,93.60,6.40,0.00,0.00,0.00,2.25,1.60,3.21
Patrick Patterson,Raptors,2014-2015,REG,81,0.579,0.542,0.395,0.368,0.000,25.53,13.82,7.29,53.17,0.19,16.44,14.38,18.11
Larry Sanders,Bucks,2014-2015,REG,27,0.526,0.333,0.000,0.000,0.000,89.53,8.72,1.74,0.00,0.00,2.45,1.45,3.45
Luke Babbitt,Pelicans,2014-2015,REG,63,0.459,0.400,0.429,0.518,0.000,19.89,13.44,7.53,59.14,0.00,17.73,18.19,17.29
Kevin Seraphin,Wizards,2014-2015,REG,79,0.594,0.430,0.458,0.000,0.000,49.78,36.67,13.11,0.22,0.22,8.04,6.86,9.29
Eric Bledsoe,Suns,2014-2015,REG,81,0.568,0.363,0.382,0.327,0.000,44.03,9.74,20.25,25.69,0.29,12.17,9.47,14.35
Avery Bradley,Celtics,2014-2015,REG,77,0.566,0.370,0.431,0.355,0.000,20.97,5.34,38.97,34.52,0.20,16.81,15.22,18.00
Elliot Williams,"Jazz, Hornets, Pelicans",2014-2015,REG,13,0.500,0.000,0.222,0.444,0.000,21.62,5.41,24.32,48.65,0.00,17.81,16.86,18.39
Trevor Booker,Jazz,2014-2015,REG,79,0.603,0.391,0.290,0.358,0.000,54.55,13.85,13.42,17.53,0.65,9.88,7.01,12.59
Quincy Pondexter,"Grizzlies, Pelicans",2014-2015,REG,75,0.529,0.333,0.414,0.376,0.000,30.87,8.05,6.49,54.14,0.45,16.09,14.01,17.59
Greivis Vasquez,Raptors,2014-2015,REG,82,0.447,0.429,0.431,0.385,0.000,29.50,11.91,10.21,47.94,0.43,16.34,15.34,17.03
Hassan Whiteside,"Grizzlies, Heat",2014-2015,REG,47,0.662,0.483,0.333,0.000,0.000,82.69,14.99,2.33,0.00,0.00,3.66,2.75,5.18
Landry Fields,Raptors,2014-2015,REG,26,0.500,0.429,0.000,0.500,0.000,78.05,17.07,0.00,4.88,0.00,5.02,3.70,6.29
Lance Stephenson,Hornets,2014-2015,REG,61,0.517,0.389,0.318,0.175,0.000,37.64,16.36,26.91,18.73,0.36,12.50,9.04,14.59
Jerome Jordan,Nets,2014-2015,REG,44,0.568,0.333,0.286,0.000,0.000,86.17,6.38,7.45,0.00,0.00,3.04,1.88,4.36
Jeremy Evans,Jazz,2014-2015,REG,38,0.707,0.167,0.000,0.400,0.000,70.69,10.34,10.34,8.62,0.00,6.12,2.72,10.31
Donald Sloan,Pacers,2014-2015,REG,53,0.559,0.333,0.283,0.318,0.000,40.17,10.11,12.92,36.24,0.56,13.57,10.42,15.76
Timofey Mozgov,"Nuggets, Cavaliers",2014-2015,REG,81,0.608,0.304,0.431,0.333,0.000,77.56,9.89,11.48,1.06,0.00,4.54,3.00,6.45
Gary Neal,"Hornets, Timberwolves",2014-2015,REG,54,0.323,0.495,0.404,0.305,0.000,19.09,19.28,29.03,32.60,0.00,16.33,15.97,16.55
Jeremy Lin,Lakers,2014-2015,REG,74,0.526,0.377,0.325,0.371,0.000,38.63,16.18,18.32,26.72,0.15,12.82,10.81,14.29
Ish Smith,"Thunder, 76ers",2014-2015,REG,55,0.450,0.229,0.125,0.300,0.000,68.39,13.08,2.18,16.35,0.00,7.84,6.10,8.96
Jeff Adrien,Timberwolves,2014-2015,REG,17,0.455,0.333,0.400,0.000,0.000,75.00,13.64,11.36,0.00,0.00,4.86,4.21,5.36
Elijah Millsap,Jazz,2014-2015,REG,47,0.429,0.167,0.211,0.318,0.000,44.12,10.08,7.98,36.97,0.84,13.10,10.63,14.37
Chris Johnson,Bucks,2014-2015,REG,1,1.000,1.000,0.000,0.333,0.000,20.00,20.00,0.00,60.00,0.00,17.60,13.33,24.00
Lance Thomas,"Thunder, Knicks",2014-2015,REG,61,0.485,0.417,0.338,0.333,0.000,38.24,23.30,33.48,4.75,0.23,11.07,9.63,12.08
Arinze Onuaku,Timberwolves,2014-2015,REG,6,0.857,0.000,0.000,0.000,0.000,100.00,0.00,0.00,0.00,0.00,2.00,1.75,3.50
Kyrie Irving,Cavaliers,2014-2015,REG,75,0.528,0.409,0.479,0.413,0.500,39.87,16.05,13.53,30.39,0.16,12.87,11.65,13.94
Derrick Williams,Kings,2014-2015,REG,74,0.598,0.257,0.354,0.320,0.000,45.53,7.63,14.16,32.68,0.00,12.18,8.97,14.77
Enes Kanter,"Jazz, Thunder",2014-2015,REG,75,0.606,0.396,0.321,0.356,0.000,66.09,10.91,18.14,4.86,0.00,6.91,4.94,9.04
Tristan Thompson,Cavaliers,2014-2015,REG,82,0.581,0.280,0.375,0.000,0.000,88.11,10.25,1.64,0.00,0.00,2.81,1.75,4.10
Jonas Valanciunas,Raptors,2014-2015,REG,80,0.603,0.431,0.375,0.000,0.000,84.62,10.20,5.02,0.16,0.00,4.09,3.22,5.25
Bismack Biyombo,Hornets,2014-2015,REG,64,0.568,0.125,0.000,0.000,0.000,94.62,4.30,1.08,0.00,0.00,2.04,0.98,3.31
Brandon Knight,"Bucks, Suns",2014-2015,REG,63,0.513,0.342,0.367,0.389,0.000,33.56,8.22,22.07,36.15,0.00,14.64,13.06,15.78
Kemba Walker,Hornets,2014-2015,REG,62,0.463,0.316,0.420,0.309,0.000,34.56,15.80,21.10,28.03,0.51,13.79,12.01,14.91
Jimmer Fredette,Pelicans,2014-2015,REG,50,0.557,0.333,0.400,0.188,0.000,37.20,18.29,15.24,29.27,0.00,13.27,9.95,15.34
Klay Thompson,Warriors,2014-2015,REG,77,0.572,0.416,0.411,0.440,0.000,24.79,16.29,17.07,41.62,0.23,16.08,14.78,17.20
Alec Burks,Jazz,2014-2015,REG,27,0.457,0.250,0.403,0.394,0.000,43.00,12.00,22.33,22.00,0.67,12.32,11.21,13.08
Markieff Morris,Suns,2014-2015,REG,82,0.542,0.506,0.397,0.322,0.000,32.73,31.09,19.91,16.09,0.18,12.02,10.34,13.48
Marcus Morris,Suns,2014-2015,REG,81,0.544,0.449,0.454,0.364,0.125,22.41,18.09,18.48,39.97,1.05,16.23,14.51,17.55
Zoran Dragic,"Suns, Heat",2014-2015,REG,16,0.615,0.000,0.000,0.214,0.000,43.33,3.33,6.67,46.67,0.00,13.53,7.00,17.32
Jabari Parker,Bucks,2014-2015,REG,25,0.586,0.420,0.333,0.250,0.000,57.79,19.01,17.11,6.08,0.00,7.75,5.16,10.25
Andrew Wiggins,Timberwolves,2014-2015,REG,82,0.557,0.369,0.307,0.312,0.000,46.84,19.77,22.32,10.98,0.09,10.24,7.71,12.20
Jarnell Stokes,Grizzlies,2014-2015,REG,19,0.594,0.500,0.000,0.000,0.000,86.49,10.81,2.70,0.00,0.00,3.32,2.62,4.25
James Michael McAdoo,Warriors,2014-2015,REG,15,0.561,0.500,0.000,0.000,0.000,93.18,4.55,2.27,0.00,0.00,2.23,1.29,3.35
Johnny O'Bryant,Bucks,2014-2015,REG,34,0.462,0.316,0.286,0.000,0.000,43.33,15.83,40.83,0.00,0.00,10.28,8.25,11.46
Cameron Bairstow,Bulls,2014-2015,REG,18,0.167,0.000,0.333,0.000,0.000,42.86,14.29,42.86,0.00,0.00,9.93,12.67,9.18
Alex Kirk,Cavaliers,2014-2015,REG,5,0.500,0.000,0.000,0.000,0.000,50.00,0.00,50.00,0.00,0.00,9.75,1.00,12.67
Julius Randle,Lakers,2014-2015,REG,1,0.000,1.000,0.000,0.000,0.000,33.33,33.33,33.33,0.00,0.00,9.00,9.00,9.00
Noah Vonleh,Hornets,2014-2015,REG,25,0.423,0.333,0.200,0.385,0.000,68.42,7.89,6.58,17.11,0.00,8.12,7.23,8.70
Dwight Powell,"Celtics, Mavericks",2014-2015,REG,29,0.567,0.667,0.350,0.273,0.000,44.78,8.96,29.85,16.42,0.00,11.04,8.39,13.33
Adreian Payne,"Hawks, Timberwolves",2014-2015,REG,32,0.471,0.349,0.409,0.111,0.000,46.36,19.55,30.00,4.09,0.00,10.08,8.68,11.07
Kyle Anderson,Spurs,2014-2015,REG,33,0.450,0.278,0.250,0.273,0.000,44.94,20.22,22.47,12.36,0.00,10.91,8.52,12.19
TJ Warren,Suns,2014-2015,REG,40,0.639,0.390,0.368,0.263,0.000,62.15,19.16,8.88,8.88,0.93,7.61,4.82,10.72
Marcus Smart,Celtics,2014-2015,REG,67,0.475,0.333,0.295,0.340,0.000,25.58,8.18,9.22,56.18,0.84,17.54,15.68,18.62
Kendall Marshall,Bucks,2014-2015,REG,28,0.559,0.455,0.400,0.391,0.000,33.66,10.89,9.90,45.54,0.00,15.23,13.24,16.89
Donatas Motiejunas,Rockets,2014-2015,REG,71,0.570,0.413,0.222,0.374,0.000,64.95,14.88,1.29,18.74,0.14,8.37,6.83,9.95
Kenneth Faried,Nuggets,2014-2015,REG,75,0.540,0.324,0.280,0.250,0.000,86.28,9.24,3.40,0.54,0.54,3.87,2.44,5.33
Nikola Mirotic,Bulls,2014-2015,REG,82,0.553,0.326,0.424,0.318,0.000,33.01,7.37,9.46,49.84,0.32,15.55,12.60,17.57
Reggie Jackson,"Thunder, Pistons",2014-2015,REG,77,0.544,0.414,0.357,0.306,0.000,42.67,15.99,17.11,23.93,0.31,12.09,9.58,14.01
Jordan Hamilton,Clippers,2014-2015,REG,14,0.429,0.250,0.000,0.476,0.000,20.00,11.43,8.57,60.00,0.00,18.80,19.14,18.57
Norris Cole,"Heat, Pelicans",2014-2015,REG,75,0.478,0.433,0.445,0.310,0.000,31.96,12.03,24.60,31.24,0.18,14.38,12.79,15.50
Cory Joseph,Spurs,2014-2015,REG,79,0.564,0.458,0.453,0.390,0.000,53.53,17.52,18.25,9.98,0.73,9.37,7.82,10.95
Jimmy Butler,Bulls,2014-2015,REG,65,0.560,0.422,0.373,0.384,0.000,42.87,14.80,21.16,20.83,0.33,11.76,9.64,13.58
Bojan Bogdanovic,Nets,2014-2015,REG,78,0.619,0.371,0.326,0.355,0.000,37.33,10.76,7.47,44.44,0.00,14.06,11.17,16.45
Kyle Singler,"Pistons, Thunder",2014-2015,REG,80,0.422,0.333,0.302,0.397,0.000,24.44,9.42,11.88,54.26,0.00,17.07,16.54,17.41
Shelvin Mack,Hawks,2014-2015,REG,55,0.473,0.500,0.425,0.315,0.000,31.85,10.96,13.70,43.49,0.00,15.38,13.42,16.70
Chandler Parsons,Mavericks,2014-2015,REG,66,0.552,0.390,0.458,0.380,0.000,43.91,7.12,7.12,41.86,0.00,13.14,11.05,14.93
Jon Leuer,Grizzlies,2014-2015,REG,63,0.583,0.423,0.325,0.241,0.000,42.12,19.05,28.21,10.62,0.00,10.76,7.88,13.05
Darius Morris,Nets,2014-2015,REG,38,0.489,0.267,0.231,0.212,0.000,42.45,14.15,12.26,31.13,0.00,12.75,8.47,14.94
Malcolm Lee,76ers,2014-2015,REG,1,0.000,0.000,0.000,0.000,0.000,100.00,0.00,0.00,0.00,0.00,5.00,0.00,5.00
Lavoy Allen,Pacers,2014-2015,REG,63,0.624,0.261,0.372,0.000,0.000,47.00,15.33,37.67,0.00,0.00,9.79,7.52,11.83
E'Twaun Moore,Bulls,2014-2015,REG,56,0.563,0.472,0.294,0.342,0.000,34.53,25.90,12.23,27.34,0.00,12.67,10.56,14.36
Isaiah Thomas,"Suns, Celtics",2014-2015,REG,67,0.524,0.333,0.375,0.375,0.000,34.00,10.54,12.05,43.16,0.25,14.85,13.03,16.16
Dwight Buycks,Lakers,2014-2015,REG,6,0.333,0.800,0.222,0.636,0.000,37.50,12.50,22.50,27.50,0.00,13.05,14.44,11.91
Malcolm Thomas,76ers,2014-2015,REG,17,0.586,0.000,0.333,0.000,0.000,72.50,2.50,7.50,17.50,0.00,7.43,2.06,11.82
Greg Smith,Mavericks,2014-2015,REG,42,0.625,0.000,0.000,0.000,0.000,97.96,2.04,0.00,0.00,0.00,1.65,1.27,2.26
Anthony Davis,Pelicans,2014-2015,REG,68,0.651,0.460,0.416,0.111,0.000,48.14,22.21,28.63,0.76,0.25,9.04,7.06,11.31
Michael Kidd-Gilchrist,Hornets,2014-2015,REG,55,0.508,0.476,0.371,0.000,0.000,61.62,8.71,29.67,0.00,0.00,7.55,6.20,8.72
Bradley Beal,Wizards,2014-2015,REG,63,0.568,0.380,0.332,0.409,0.000,27.46,14.20,27.93,30.40,0.00,14.93,13.16,16.25
Dion Waiters,"Cavaliers, Thunder",2014-2015,REG,80,0.464,0.415,0.385,0.297,0.000,41.01,6.87,26.11,26.00,0.00,12.57,10.66,13.82
Thomas Robinson,"Trail Blazers, 76ers",2014-2015,REG,54,0.554,0.310,0.265,0.000,0.000,75.00,11.15,13.08,0.00,0.77,5.53,3.24,7.69
Damian Lillard,Trail Blazers,2014-2015,REG,82,0.562,0.427,0.387,0.344,0.000,35.74,7.57,14.63,41.91,0.15,14.85,12.21,16.87
Terrence Ross,Raptors,2014-2015,REG,82,0.503,0.385,0.440,0.372,0.000,20.11,13.13,14.91,51.44,0.41,17.47,16.15,18.39
Andre Drummond,Pistons,2014-2015,REG,82,0.534,0.284,0.000,0.000,0.000,92.52,6.96,0.31,0.00,0.21,2.41,1.41,3.46
Harrison Barnes,Warriors,2014-2015,REG,82,0.595,0.425,0.398,0.404,0.000,39.72,11.28,15.92,32.92,0.15,12.92,10.68,15.00
Austin Rivers,"Pelicans, Clippers",2014-2015,REG,76,0.519,0.322,0.317,0.295,0.000,48.98,11.99,12.80,26.22,0.00,11.31,8.71,13.11
Meyers Leonard,Trail Blazers,2014-2015,REG,55,0.649,0.516,0.480,0.423,0.000,31.43,12.65,10.20,45.31,0.41,15.28,12.79,17.87
Iman Shumpert,"Knicks, Cavaliers",2014-2015,REG,62,0.500,0.403,0.448,0.344,0.000,22.93,13.16,22.29,41.40,0.21,16.22,14.79,17.21
Aaron Gordon,Magic,2014-2015,REG,47,0.603,0.115,0.308,0.277,0.000,58.17,12.50,6.25,22.60,0.48,9.12,5.35,12.17
Kawhi Leonard,Spurs,2014-2015,REG,64,0.611,0.473,0.416,0.349,0.000,33.45,24.45,18.73,23.36,0.00,12.69,10.57,14.65
Mo Williams,"Timberwolves, Hornets",2014-2015,REG,68,0.459,0.453,0.419,0.348,0.000,11.40,12.33,35.81,39.77,0.70,18.90,17.94,19.54
James Jones,Cavaliers,2014-2015,REG,57,0.400,0.250,0.538,0.360,0.000,2.49,3.98,6.47,87.06,0.00,23.00,23.01,23.00
Kyle Korver,Hawks,2014-2015,REG,75,0.618,0.357,0.449,0.492,0.000,5.67,4.67,14.83,74.83,0.00,21.70,21.60,21.81
John Henson,Bucks,2014-2015,REG,67,0.579,0.444,0.000,0.000,0.000,91.91,7.80,0.29,0.00,0.00,2.49,1.86,3.32
Jeremy Lamb,Thunder,2014-2015,REG,47,0.636,0.297,0.290,0.343,0.000,27.16,15.23,12.76,44.44,0.41,15.84,12.94,17.84
Tobias Harris,Magic,2014-2015,REG,68,0.569,0.403,0.394,0.367,0.000,44.92,15.94,13.58,25.35,0.21,11.62,9.33,13.63
Nikola Vucevic,Magic,2014-2015,REG,74,0.580,0.466,0.468,0.333,0.000,50.33,23.47,25.70,0.50,0.00,8.59,7.59,9.70
Anderson Varejao,Cavaliers,2014-2015,REG,26,0.588,0.462,0.571,0.000,0.000,65.50,19.50,14.00,1.00,0.00,6.39,5.52,7.46
Trevor Ariza,Rockets,2014-2015,REG,82,0.573,0.216,0.347,0.349,0.000,26.70,4.13,8.04,61.12,0.00,17.19,14.61,18.93
Beno Udrih,Grizzlies,2014-2015,REG,79,0.600,0.528,0.503,0.266,0.000,25.05,25.45,30.26,18.84,0.40,13.74,11.79,15.59
Tony Allen,Grizzlies,2014-2015,REG,63,0.526,0.400,0.261,0.345,0.000,83.08,5.49,5.05,6.37,0.00,4.27,3.11,5.40
Kevin Martin,Timberwolves,2014-2015,REG,39,0.504,0.444,0.403,0.391,0.000,18.05,21.57,29.71,30.67,0.00,16.00,15.07,16.70
Jameer Nelson,"Mavericks, Celtics, Nuggets",2014-2015,REG,63,0.564,0.389,0.387,0.345,0.000,23.21,7.14,18.45,51.19,0.00,17.76,15.69,19.18
Dorell Wright,Trail Blazers,2014-2015,REG,48,0.479,0.385,0.143,0.383,0.000,25.26,6.84,11.05,56.32,0.53,17.31,15.61,18.34
Udonis Haslem,Heat,2014-2015,REG,61,0.545,0.286,0.358,0.200,0.000,56.07,11.72,28.03,4.18,0.00,8.31,6.27,9.95
Dwight Howard,Rockets,2014-2015,REG,41,0.613,0.211,0.500,1.000,0.000,94.56,4.49,0.47,0.24,0.24,2.72,1.78,4.08
Ben Gordon,Magic,2014-2015,REG,56,0.492,0.511,0.437,0.365,0.000,20.42,16.26,30.10,33.22,0.00,16.38,15.05,17.41
Shaun Livingston,Warriors,2014-2015,REG,78,0.574,0.446,0.464,0.000,0.000,41.12,51.27,7.11,0.25,0.25,8.29,7.15,9.42
Devin Harris,Mavericks,2014-2015,REG,76,0.557,0.270,0.389,0.360,0.200,31.87,7.06,10.31,49.81,0.95,16.01,13.50,17.81
Luol Deng,Heat,2014-2015,REG,71,0.592,0.426,0.404,0.359,0.000,40.15,12.83,19.19,27.57,0.25,12.49,10.13,14.57
Andre Iguodala,Warriors,2014-2015,REG,77,0.679,0.333,0.375,0.361,0.000,34.22,9.78,13.03,41.75,1.22,14.79,11.09,17.99
Sebastian Telfair,Thunder,2014-2015,REG,16,0.452,0.286,0.438,0.300,0.000,33.60,5.60,12.80,48.00,0.00,15.53,13.83,16.52
Kris Humphries,Wizards,2014-2015,REG,64,0.538,0.458,0.430,0.000,0.000,41.26,18.61,38.57,1.57,0.00,10.39,9.18,11.47
Al Jefferson,Hornets,2014-2015,REG,65,0.539,0.420,0.391,0.400,0.000,54.01,32.31,13.18,0.50,0.00,7.73,6.71,8.67
Josh Smith,"Pistons, Rockets",2014-2015,REG,83,0.503,0.353,0.310,0.324,0.000,55.45,7.00,14.61,22.84,0.10,10.63,8.19,12.43
J.R. Smith,"Knicks, Cavaliers",2014-2015,REG,70,0.522,0.339,0.462,0.389,0.000,15.23,7.42,20.93,55.50,0.93,19.39,18.31,20.16
Zaza Pachulia,Bucks,2014-2015,REG,73,0.490,0.487,0.269,0.000,0.000,54.44,30.25,14.74,0.57,0.00,7.46,6.33,8.39
Matt Bonner,Spurs,2014-2015,REG,72,0.446,0.606,0.200,0.368,0.000,24.35,14.35,6.52,54.35,0.43,17.46,15.94,18.51
Boris Diaw,Spurs,2014-2015,REG,81,0.559,0.435,0.375,0.320,0.000,49.84,14.56,8.86,26.74,0.00,11.11,8.81,13.06
Kendrick Perkins,"Thunder, Cavaliers",2014-2015,REG,68,0.476,0.344,0.000,0.000,0.000,84.23,14.41,0.90,0.00,0.45,4.18,2.97,5.18
Leandro Barbosa,Warriors,2014-2015,REG,66,0.577,0.375,0.395,0.402,0.000,47.64,12.57,11.26,28.01,0.52,11.60,9.31,13.70
Steve Blake,Trail Blazers,2014-2015,REG,81,0.441,0.350,0.426,0.364,0.000,10.43,6.13,16.56,64.11,2.76,21.69,19.88,22.75
Willie Green,Magic,2014-2015,REG,52,0.500,0.120,0.426,0.353,0.000,28.76,8.36,22.74,39.80,0.33,15.66,14.21,16.59
Dahntay Jones,Clippers,2014-2015,REG,33,0.714,0.000,0.250,0.000,0.000,33.33,28.57,19.05,19.05,0.00,12.29,3.83,15.67
Dwyane Wade,Heat,2014-2015,REG,61,0.637,0.411,0.378,0.287,0.000,35.33,26.94,28.32,9.32,0.09,11.47,9.32,13.37
David West,Pacers,2014-2015,REG,66,0.546,0.321,0.502,0.200,0.000,31.49,19.97,45.63,2.92,0.00,12.33,11.75,12.85
Luke Ridnour,Magic,2014-2015,REG,47,0.321,0.500,0.554,0.317,0.000,15.91,11.36,36.93,35.80,0.00,17.64,17.32,17.87
Nick Collison,Thunder,2014-2015,REG,66,0.567,0.267,0.260,0.271,0.000,50.60,5.98,19.92,23.51,0.00,10.90,7.13,13.61
Kirk Hinrich,Bulls,2014-2015,REG,66,0.500,0.214,0.362,0.351,0.000,20.53,7.37,27.63,44.21,0.26,17.57,16.54,18.18
Chris Kaman,Trail Blazers,2014-2015,REG,74,0.555,0.466,0.447,0.000,0.000,60.11,21.13,18.76,0.00,0.00,7.30,6.31,8.35
LeBron James,Cavaliers,2014-2015,REG,69,0.657,0.363,0.377,0.356,0.000,42.42,15.08,15.94,26.33,0.23,12.15,8.99,15.15
Carmelo Anthony,Knicks,2014-2015,REG,40,0.533,0.430,0.447,0.343,0.000,28.16,21.34,28.29,22.08,0.12,13.94,12.42,15.16
Chris Bosh,Heat,2014-2015,REG,44,0.514,0.494,0.455,0.375,0.000,23.76,24.16,29.53,22.55,0.00,14.31,13.30,15.16
Jannero Pargo,Hornets,2014-2015,REG,9,1.000,1.000,0.364,0.450,0.000,2.86,2.86,31.43,57.14,5.71,23.11,20.87,24.80
Reggie Evans,Kings,2014-2015,REG,47,0.418,0.000,1.000,0.000,0.000,93.85,3.85,0.77,1.54,0.00,3.24,1.77,4.22
Carlos Boozer,Lakers,2014-2015,REG,71,0.570,0.475,0.366,0.000,0.000,52.22,24.63,23.15,0.00,0.00,8.14,6.64,9.63
Matt Barnes,Clippers,2014-2015,REG,76,0.596,0.313,0.474,0.363,0.000,34.19,2.57,3.05,60.19,0.00,15.96,13.26,18.12
Rasual Butler,Wizards,2014-2015,REG,75,0.604,0.317,0.388,0.389,0.000,19.54,11.61,23.40,45.26,0.19,17.33,15.60,18.60
Luis Scola,Pacers,2014-2015,REG,81,0.542,0.356,0.397,0.294,0.000,53.51,9.20,34.17,2.65,0.47,9.42,7.60,11.01
Amar'e Stoudemire,"Knicks, Mavericks",2014-2015,REG,59,0.623,0.415,0.323,0.000,0.000,75.71,10.82,12.65,0.61,0.20,5.34,3.62,7.52
Caron Butler,Pistons,2014-2015,REG,78,0.486,0.441,0.426,0.384,0.000,8.84,8.59,27.27,54.55,0.76,20.37,19.29,21.11
Tayshaun Prince,"Grizzlies, Celtics, Pistons",2014-2015,REG,58,0.495,0.361,0.433,0.463,0.000,27.61,20.65,35.07,16.67,0.00,13.62,13.11,14.03
John Salmons,Pelicans,2014-2015,REG,21,0.333,0.556,0.222,0.308,0.000,6.38,19.15,19.15,55.32,0.00,19.45,18.44,19.97
Nene,Wizards,2014-2015,REG,67,0.605,0.384,0.402,0.200,0.000,56.41,20.80,21.96,0.83,0.00,7.76,6.03,9.56
Drew Gooden,Wizards,2014-2015,REG,51,0.412,0.379,0.402,0.383,0.000,28.88,10.47,38.63,21.66,0.36,14.81,14.43,15.06
Chris Andersen,Heat,2014-2015,REG,59,0.644,0.300,0.381,0.400,0.000,78.74,4.83,10.14,4.83,1.45,5.23,2.75,8.66
Mike Dunleavy,Bulls,2014-2015,REG,63,0.509,0.286,0.461,0.406,0.500,22.45,4.37,18.50,54.26,0.42,17.97,16.95,18.75
Tony Parker,Spurs,2014-2015,REG,68,0.572,0.447,0.408,0.427,0.000,41.59,19.11,28.61,10.70,0.00,10.95,9.74,12.10
Samuel Dalembert,Knicks,2014-2015,REG,32,0.487,0.333,0.438,0.000,0.000,60.00,27.69,12.31,0.00,0.00,6.75,5.37,7.84
Tim Duncan,Spurs,2014-2015,REG,77,0.596,0.385,0.356,0.400,0.000,62.52,22.22,14.41,0.61,0.24,6.90,5.19,8.70
Vince Carter,Grizzlies,2014-2015,REG,66,0.413,0.455,0.313,0.295,0.000,18.84,8.29,16.08,56.28,0.50,18.82,16.86,19.79
Dirk Nowitzki,Mavericks,2014-2015,REG,77,0.568,0.468,0.475,0.380,0.000,11.11,30.79,32.30,25.80,0.00,16.41,15.59,17.10
Paul Pierce,Wizards,2014-2015,REG,73,0.594,0.393,0.439,0.389,0.000,23.63,12.80,17.38,46.19,0.00,16.58,14.94,17.91
Nazr Mohammed,Bulls,2014-2015,REG,23,0.600,0.250,0.167,0.000,0.000,51.72,27.59,20.69,0.00,0.00,7.55,4.17,9.94
Elton Brand,Hawks,2014-2015,REG,36,0.600,0.378,0.406,0.000,0.000,26.32,38.95,33.68,1.05,0.00,11.39,10.07,12.43
Andre Miller,"Wizards, Kings",2014-2015,REG,81,0.567,0.459,0.630,0.219,0.000,57.34,21.33,9.44,11.19,0.70,8.82,6.73,10.97
Shawn Marion,Cavaliers,2014-2015,REG,57,0.525,0.350,0.000,0.255,0.000,66.29,14.98,1.12,17.60,0.00,7.60,5.09,9.61
Jason Terry,Rockets,2014-2015,REG,77,0.556,0.452,0.486,0.388,0.000,12.24,7.03,7.94,72.56,0.23,20.21,18.91,21.15
Andrei Kirilenko,Nets,2014-2015,REG,7,0.000,0.000,0.000,0.000,0.000,100.00,0.00,0.00,0.00,0.00,2.00,0.00,2.00
Manu Ginobili,Spurs,2014-2015,REG,70,0.545,0.417,0.250,0.346,0.000,39.90,10.19,6.11,43.63,0.17,13.89,11.34,15.79
Kenyon Martin,Bucks,2014-2015,REG,11,0.438,0.000,0.400,0.000,0.000,72.73,4.55,22.73,0.00,0.00,6.14,5.00,6.92
Mike Miller,Cavaliers,2014-2015,REG,52,0.667,0.167,0.286,0.327,0.000,2.63,5.26,6.14,85.96,0.00,23.25,22.30,23.70
Jamal Crawford,Clippers,2014-2015,REG,64,0.500,0.383,0.450,0.335,0.000,17.40,14.30,24.91,42.31,1.07,18.09,16.46,19.15
Hedo Turkoglu,Clippers,2014-2015,REG,62,0.600,0.500,0.348,0.432,0.000,10.64,3.19,12.23,73.94,0.00,21.05,19.94,21.93
Tyson Chandler,Mavericks,2014-2015,REG,75,0.696,0.462,0.400,0.000,0.000,89.09,2.95,7.95,0.00,0.00,2.54,1.47,4.67
Pau Gasol,Bulls,2014-2015,REG,78,0.541,0.402,0.475,0.480,0.000,52.34,21.32,24.09,2.17,0.09,8.81,8.02,9.58
Jason Richardson,76ers,2014-2015,REG,19,0.474,0.350,0.250,0.323,0.000,21.35,11.24,13.48,53.93,0.00,17.67,15.84,18.66
Joe Johnson,Nets,2014-2015,REG,80,0.541,0.450,0.374,0.362,0.000,29.95,21.27,15.90,32.59,0.29,14.50,12.95,15.69
Richard Jefferson,Mavericks,2014-2015,REG,74,0.542,0.095,0.414,0.423,0.000,36.42,6.48,8.95,48.15,0.00,14.59,13.15,15.74
Zach Randolph,Grizzlies,2014-2015,REG,71,0.551,0.345,0.380,0.333,0.500,66.52,15.11,16.30,1.63,0.43,7.11,5.55,8.61
Brendan Haywood,Cavaliers,2014-2015,REG,22,0.526,0.300,1.000,0.000,0.000,63.33,33.33,3.33,0.00,0.00,6.23,5.50,6.88
Gerald Wallace,Celtics,2014-2015,REG,32,0.448,0.000,0.000,0.500,0.000,85.29,0.00,5.88,5.88,2.94,5.71,2.86,7.70
Kevin Garnett,"Nets, Timberwolves",2014-2015,REG,47,0.551,0.348,0.497,0.143,0.000,22.55,22.55,52.61,2.29,0.00,13.53,13.44,13.61
Kobe Bryant,Lakers,2014-2015,REG,35,0.494,0.321,0.389,0.295,0.000,22.72,22.30,29.17,25.67,0.14,15.20,13.58,16.17
