Player,Team,Season,Season Type,Games,AbvBrk3_Usage,MR_Usage,Paint_Usage,RA_Usage,RC3_Usage,LC3_Usage,BC_Usage,AbvBrk3%,MR%,Paint%,RA%,RC3%,LC3%,BC3%
Player,Team,Season,Season Type,Games,Above the Break 3-Usage,Mid-Range-Usage,In The Paint (Non-RA)-Usage,Restricted Area-Usage,Right Corner 3-Usage,Left Corner 3-Usage,Backcourt-Usage,Above the Break 3 %,Mid-Range %,In The Paint (Non-RA) %,Restricted Area %,Right Corner 3 %,Left Corner 3 %,Backcourt %
Ryan Robertson,Kings,1999-2000,REG,1,16.67,33.33,0.00,33.33,16.67,0.00,0.00,0.000,0.500,0.000,0.500,0.000,0.000,0.000
A.J. Bramlett,Cavaliers,1999-2000,REG,8,0.00,9.52,19.05,71.43,0.00,0.00,0.00,0.000,0.000,0.000,0.267,0.000,0.000,0.000
Laron Profit,Wizards,1999-2000,REG,33,22.03,30.51,8.47,32.20,5.08,1.69,0.00,0.077,0.278,0.000,0.684,0.667,0.000,0.000
Obinna Ekezie,Grizzlies,1999-2000,REG,39,0.00,10.23,40.91,48.86,0.00,0.00,0.00,0.000,0.111,0.389,0.605,0.000,0.000,0.000
Calvin Booth,Wizards,1999-2000,REG,11,0.00,26.09,32.61,41.30,0.00,0.00,0.00,0.000,0.083,0.133,0.684,0.000,0.000,0.000
Evan Eschmeyer,Nets,1999-2000,REG,31,0.00,8.33,26.39,65.28,0.00,0.00,0.00,0.000,0.500,0.263,0.638,0.000,0.000,0.000
Chris Herren,Nuggets,1999-2000,REG,45,45.16,4.03,9.68,32.26,4.84,4.03,0.00,0.375,0.400,0.250,0.400,0.167,0.400,0.000
Michael Ruffin,Bulls,1999-2000,REG,71,0.00,11.59,13.77,74.64,0.00,0.00,0.00,0.000,0.188,0.263,0.485,0.000,0.000,0.000
John Celestand,Lakers,1999-2000,REG,16,20.00,33.33,15.56,31.11,0.00,0.00,0.00,0.222,0.200,0.286,0.571,0.000,0.000,0.000
Scott Padgett,Jazz,1999-2000,REG,47,22.86,32.14,14.29,22.86,1.43,6.43,0.00,0.344,0.311,0.150,0.438,0.500,0.111,0.000
Jumaine Jones,76ers,1999-2000,REG,32,5.17,58.62,6.90,27.59,0.00,1.72,0.00,0.333,0.441,0.000,0.313,0.000,1.000,0.000
Vonteego Cummings,Warriors,1999-2000,REG,74,18.47,42.90,12.52,21.53,2.60,1.83,0.15,0.322,0.381,0.366,0.560,0.235,0.500,0.000
Tim James,Heat,1999-2000,REG,4,0.00,57.14,14.29,28.57,0.00,0.00,0.00,0.000,0.375,0.000,0.500,0.000,0.000,0.000
Devean George,Lakers,1999-2000,REG,46,20.83,18.06,11.11,38.19,2.78,8.33,0.69,0.400,0.308,0.063,0.564,0.250,0.250,0.000
Kenny Thomas,Rockets,1999-2000,REG,72,19.96,20.90,15.07,41.24,1.13,1.69,0.00,0.255,0.279,0.400,0.534,0.167,0.444,0.000
Jeff Foster,Pacers,1999-2000,REG,19,4.35,21.74,13.04,60.87,0.00,0.00,0.00,0.000,0.200,1.000,0.643,0.000,0.000,0.000
Dion Glover,Hawks,1999-2000,REG,30,24.56,15.20,12.87,45.61,1.75,0.00,0.00,0.262,0.269,0.227,0.538,0.333,0.000,0.000
Quincy Lewis,Jazz,1999-2000,REG,74,14.09,43.62,9.40,26.17,3.36,3.02,0.34,0.381,0.277,0.250,0.577,0.300,0.444,0.000
James Posey,Nuggets,1999-2000,REG,81,22.20,24.44,3.73,30.78,9.51,9.14,0.19,0.353,0.328,0.050,0.630,0.510,0.286,0.000
Cal Bowdler,Hawks,1999-2000,REG,45,0.87,47.83,12.17,39.13,0.00,0.00,0.00,0.000,0.345,0.357,0.556,0.000,0.000,0.000
Metta World Peace,Bulls,1999-2000,REG,72,17.26,27.93,8.04,38.87,4.48,3.16,0.26,0.336,0.330,0.213,0.563,0.265,0.292,0.000
William Avery,Timberwolves,1999-2000,REG,58,25.97,35.91,8.84,20.44,2.21,6.08,0.55,0.298,0.292,0.375,0.351,0.250,0.273,0.000
Corey Maggette,Magic,1999-2000,REG,77,1.07,38.17,12.58,46.91,0.64,0.21,0.43,0.000,0.346,0.339,0.636,0.667,0.000,0.000
Aleksandar Radojevic,Raptors,1999-2000,REG,3,0.00,28.57,0.00,71.43,0.00,0.00,0.00,0.000,0.000,0.000,0.400,0.000,0.000,0.000
Trajan Langdon,Cavaliers,1999-2000,REG,9,40.00,30.00,5.00,17.50,5.00,2.50,0.00,0.375,0.333,0.000,0.429,0.500,1.000,0.000
Jason Terry,Hawks,1999-2000,REG,81,24.00,43.33,12.00,18.50,0.33,1.50,0.33,0.285,0.435,0.389,0.559,0.000,0.444,0.500
Shawn Marion,Suns,1999-2000,REG,51,2.12,43.74,13.80,37.79,1.70,0.85,0.00,0.100,0.354,0.323,0.697,0.250,0.250,0.000
Andre Miller,Cavaliers,1999-2000,REG,82,6.09,27.68,23.44,42.38,0.13,0.13,0.13,0.217,0.368,0.362,0.588,0.000,0.000,0.000
Richard Hamilton,Wizards,1999-2000,REG,71,9.26,52.56,15.70,19.01,0.99,2.48,0.00,0.339,0.403,0.368,0.548,0.333,0.467,0.000
Wally Szczerbiak,Timberwolves,1999-2000,REG,73,7.92,47.98,11.81,28.70,1.35,2.24,0.00,0.340,0.442,0.481,0.698,0.556,0.333,0.000
Jonathan Bender,Pacers,1999-2000,REG,24,11.43,37.14,22.86,22.86,2.86,2.86,0.00,0.250,0.269,0.375,0.500,0.000,0.000,0.000
Lamar Odom,Clippers,1999-2000,REG,76,14.26,22.17,23.73,38.09,0.98,0.49,0.29,0.370,0.313,0.350,0.600,0.200,0.600,0.000
Baron Davis,Hornets,1999-2000,REG,82,24.48,28.18,5.77,40.88,0.23,0.23,0.23,0.236,0.287,0.400,0.633,0.000,0.000,0.000
Steve Francis,Rockets,1999-2000,REG,77,24.17,26.59,10.21,35.81,1.25,1.88,0.09,0.337,0.377,0.263,0.625,0.500,0.333,0.000
Elton Brand,Bulls,1999-2000,REG,81,0.08,26.88,35.22,37.75,0.00,0.08,0.00,0.000,0.370,0.459,0.586,0.000,0.000,0.000
Randell Jackson,Mavericks,1999-2000,REG,1,0.00,0.00,0.00,0.00,0.00,0.00,0.00,0.000,0.000,0.000,0.000,0.000,0.000,0.000
Charles R. Jones,Clippers,1999-2000,REG,56,49.25,16.42,6.97,18.41,4.48,4.48,0.00,0.293,0.182,0.214,0.514,0.444,0.556,0.000
Earl Boykins,"Magic, Cavaliers",1999-2000,REG,25,14.66,42.24,25.86,14.66,0.86,0.86,0.86,0.412,0.449,0.567,0.529,0.000,1.000,0.000
Anthony Carter,Heat,1999-2000,REG,79,2.95,47.54,14.93,33.20,0.00,0.39,0.98,0.133,0.322,0.316,0.574,0.000,0.000,0.000
Fred Vinson,SuperSonics,1999-2000,REG,8,5.88,17.65,17.65,23.53,5.88,29.41,0.00,1.000,0.333,0.000,0.500,0.000,0.200,0.000
Tyrone Nesby,Clippers,1999-2000,REG,73,24.48,32.46,11.91,25.03,2.08,3.93,0.11,0.357,0.330,0.257,0.629,0.316,0.222,0.000
Brad Miller,Hornets,1999-2000,REG,55,0.34,19.45,14.68,65.19,0.00,0.00,0.34,0.000,0.263,0.326,0.555,0.000,0.000,0.000
Damon Jones,"Warriors, Mavericks",1999-2000,REG,51,36.54,17.79,3.37,24.52,10.10,7.69,0.00,0.303,0.216,0.143,0.608,0.476,0.438,0.000
Ryan Bowen,Nuggets,1999-2000,REG,52,3.42,16.24,5.13,70.94,1.71,2.56,0.00,0.000,0.158,0.333,0.482,0.000,0.333,0.000
Greg Buckner,Mavericks,1999-2000,REG,47,8.58,20.60,21.89,46.35,1.29,1.29,0.00,0.450,0.313,0.353,0.630,0.333,0.000,0.000
Derrick Dial,Spurs,1999-2000,REG,8,17.39,43.48,2.17,28.26,4.35,4.35,0.00,0.250,0.250,0.000,0.692,0.000,0.500,0.000
Ryan Stack,Cavaliers,1999-2000,REG,25,1.96,37.25,15.69,45.10,0.00,0.00,0.00,0.000,0.368,0.125,0.391,0.000,0.000,0.000
Andrae Patterson,Timberwolves,1999-2000,REG,5,0.00,50.00,0.00,50.00,0.00,0.00,0.00,0.000,0.500,0.000,1.000,0.000,0.000,0.000
Toby Bailey,Suns,1999-2000,REG,46,2.86,42.86,9.29,40.00,3.57,0.71,0.71,0.250,0.367,0.154,0.554,0.400,0.000,0.000
Sean Marks,Raptors,1999-2000,REG,5,0.00,66.67,0.00,16.67,0.00,16.67,0.00,0.000,0.250,0.000,1.000,0.000,0.000,0.000
Jahidi White,Wizards,1999-2000,REG,80,0.00,5.11,16.67,78.22,0.00,0.00,0.00,0.000,0.261,0.307,0.565,0.000,0.000,0.000
Cuttino Mobley,Rockets,1999-2000,REG,81,23.33,28.84,9.84,32.68,3.15,1.77,0.39,0.367,0.341,0.300,0.611,0.344,0.333,0.000
Rafer Alston,Bucks,1999-2000,REG,27,5.26,57.89,14.74,12.63,2.11,6.32,1.05,0.000,0.291,0.286,0.333,0.500,0.333,0.000
Bruno Sundov,Mavericks,1999-2000,REG,14,0.00,48.39,16.13,35.48,0.00,0.00,0.00,0.000,0.400,0.400,0.364,0.000,0.000,0.000
DeMarco Johnson,Knicks,1999-2000,REG,4,0.00,33.33,11.11,55.56,0.00,0.00,0.00,0.000,0.333,0.000,0.400,0.000,0.000,0.000
Shammond Williams,SuperSonics,1999-2000,REG,38,29.33,36.89,8.44,18.67,2.67,4.00,0.00,0.348,0.361,0.211,0.619,0.167,0.000,0.000
Jelani McCoy,SuperSonics,1999-2000,REG,57,0.00,11.30,28.81,59.89,0.00,0.00,0.00,0.000,0.200,0.373,0.745,0.000,0.000,0.000
Rashard Lewis,SuperSonics,1999-2000,REG,82,14.31,30.39,13.43,35.16,3.89,2.83,0.00,0.296,0.326,0.434,0.739,0.409,0.375,0.000
Ruben Patterson,SuperSonics,1999-2000,REG,81,2.57,15.89,16.19,63.84,0.30,1.06,0.15,0.353,0.314,0.299,0.656,1.000,0.571,0.000
Nazr Mohammed,76ers,1999-2000,REG,28,0.00,18.52,44.44,37.04,0.00,0.00,0.00,0.000,0.200,0.208,0.700,0.000,0.000,0.000
Corey Benjamin,Bulls,1999-2000,REG,48,20.86,38.00,9.43,27.14,2.29,1.71,0.57,0.315,0.346,0.364,0.589,0.625,0.500,0.000
Vladimir Stepania,SuperSonics,1999-2000,REG,29,7.59,45.57,13.92,32.91,0.00,0.00,0.00,0.000,0.278,0.455,0.538,0.000,0.000,0.000
Sam Jacobson,"Lakers, Warriors",1999-2000,REG,52,7.08,50.94,16.04,21.70,2.83,1.42,0.00,0.333,0.537,0.412,0.587,0.500,0.333,0.000
Al Harrington,Pacers,1999-2000,REG,50,4.92,28.79,19.70,38.64,3.41,4.55,0.00,0.077,0.382,0.346,0.647,0.111,0.500,0.000
Felipe Lopez,Grizzlies,1999-2000,REG,64,4.21,27.59,9.58,55.94,1.15,1.53,0.00,0.000,0.347,0.080,0.555,0.333,0.500,0.000
Tyronn Lue,Lakers,1999-2000,REG,8,17.95,28.21,10.26,41.03,2.56,0.00,0.00,0.571,0.636,0.000,0.500,0.000,0.000,0.000
Brian Skinner,Clippers,1999-2000,REG,32,0.00,14.93,26.87,58.21,0.00,0.00,0.00,0.000,0.250,0.389,0.628,0.000,0.000,0.000
Ricky Davis,Hornets,1999-2000,REG,48,1.07,55.08,3.21,39.57,0.00,0.00,1.07,0.000,0.369,0.667,0.703,0.000,0.000,0.000
Roshown McLeod,Hawks,1999-2000,REG,44,3.31,62.05,17.77,16.27,0.60,0.00,0.00,0.182,0.325,0.492,0.611,0.000,0.000,0.000
Pat Garrity,Magic,1999-2000,REG,82,26.67,46.50,7.69,12.14,2.74,4.27,0.00,0.397,0.415,0.489,0.620,0.375,0.440,0.000
Mirsad Turkcan,"Knicks, Bucks",1999-2000,REG,16,7.89,47.37,15.79,21.05,5.26,2.63,0.00,0.000,0.444,0.333,0.500,0.000,0.000,0.000
Rasho Nesterovic,Timberwolves,1999-2000,REG,82,0.46,24.48,35.80,39.26,0.00,0.00,0.00,0.000,0.330,0.387,0.653,0.000,0.000,0.000
Bryce Drew,Rockets,1999-2000,REG,72,30.51,34.62,14.53,11.86,3.63,4.12,0.73,0.349,0.329,0.417,0.571,0.467,0.412,0.000
Matt Harpring,Magic,1999-2000,REG,4,5.88,35.29,11.76,41.18,0.00,5.88,0.00,1.000,0.000,0.000,0.286,0.000,1.000,0.000
Michael Dickerson,Grizzlies,1999-2000,REG,82,13.78,37.48,12.68,26.85,4.57,4.65,0.00,0.383,0.355,0.329,0.625,0.448,0.441,0.000
Keon Clark,Nuggets,1999-2000,REG,81,0.76,22.73,20.27,55.49,0.00,0.19,0.57,0.000,0.367,0.346,0.696,0.000,0.000,0.333
Michael Doleac,Magic,1999-2000,REG,81,0.19,65.23,13.27,21.12,0.19,0.00,0.00,1.000,0.447,0.352,0.531,0.000,0.000,0.000
Bonzi Wells,Trail Blazers,1999-2000,REG,66,5.21,33.75,10.42,44.79,4.38,1.46,0.00,0.480,0.414,0.260,0.633,0.238,0.429,0.000
Paul Pierce,Celtics,1999-2000,REG,73,19.20,35.94,11.28,27.39,3.64,2.55,0.00,0.355,0.415,0.323,0.618,0.325,0.286,0.000
Dirk Nowitzki,Mavericks,1999-2000,REG,82,20.57,46.69,9.21,16.82,5.64,1.07,0.00,0.357,0.460,0.350,0.654,0.444,0.500,0.000
Larry Hughes,"76ers, Warriors",1999-2000,REG,82,9.33,47.52,18.57,23.10,0.35,0.87,0.26,0.215,0.349,0.333,0.638,0.250,0.500,0.000
Jason Williams,Kings,1999-2000,REG,81,47.79,20.14,6.58,21.38,1.64,1.75,0.72,0.288,0.398,0.422,0.543,0.375,0.294,0.000
Robert Traylor,Bucks,1999-2000,REG,44,3.28,13.11,22.13,61.48,0.00,0.00,0.00,0.000,0.313,0.407,0.560,0.000,0.000,0.000
Vince Carter,Raptors,1999-2000,REG,82,11.73,50.88,10.44,24.82,0.83,1.00,0.29,0.397,0.403,0.418,0.644,0.571,0.471,0.000
Antawn Jamison,Warriors,1999-2000,REG,43,0.53,26.06,35.05,38.10,0.26,0.00,0.00,0.000,0.305,0.415,0.642,0.500,0.000,0.000
Raef LaFrentz,Nuggets,1999-2000,REG,81,18.43,32.65,10.47,36.29,1.37,0.80,0.00,0.333,0.338,0.217,0.677,0.167,0.429,0.000
Mike Bibby,Grizzlies,1999-2000,REG,82,17.56,48.69,10.96,19.88,1.07,1.75,0.10,0.348,0.446,0.398,0.551,0.364,0.556,0.000
Michael Olowokandi,Clippers,1999-2000,REG,80,0.00,39.02,36.24,24.74,0.00,0.00,0.00,0.000,0.312,0.449,0.615,0.000,0.000,0.000
Mikki Moore,Pistons,1999-2000,REG,29,0.00,37.86,17.86,44.29,0.00,0.00,0.00,0.000,0.434,0.720,0.742,0.000,0.000,0.000
Kiwane Garris,Magic,1999-2000,REG,2,0.00,60.00,0.00,30.00,0.00,10.00,0.00,0.000,0.333,0.000,0.000,0.000,0.000,0.000
Troy Hudson,Clippers,1999-2000,REG,62,33.64,33.27,11.46,19.59,0.92,1.11,0.00,0.319,0.367,0.403,0.500,0.400,0.000,0.000
Rusty LaRue,Bulls,1999-2000,REG,4,32.56,60.47,2.33,4.65,0.00,0.00,0.00,0.143,0.500,0.000,0.000,0.000,0.000,0.000
Kornel David,"Bulls, Cavaliers",1999-2000,REG,32,1.91,57.96,7.64,32.48,0.00,0.00,0.00,0.000,0.407,0.333,0.510,0.000,0.000,0.000
Rick Brunson,Knicks,1999-2000,REG,36,8.57,41.43,5.71,34.29,7.14,2.86,0.00,0.000,0.483,0.000,0.542,0.200,0.500,0.000
Keith Closs,Clippers,1999-2000,REG,57,1.02,29.44,20.30,48.73,0.00,0.00,0.51,0.000,0.310,0.300,0.688,0.000,0.000,0.000
Michael Stewart,Raptors,1999-2000,REG,42,0.00,30.19,13.21,56.60,0.00,0.00,0.00,0.000,0.250,0.286,0.467,0.000,0.000,0.000
Etdrick Bohannon,"Knicks, Clippers",1999-2000,REG,13,0.00,0.00,0.00,100.00,0.00,0.00,0.00,0.000,0.000,0.000,0.538,0.000,0.000,0.000
Kevin Ollie,76ers,1999-2000,REG,40,0.00,20.41,18.37,61.22,0.00,0.00,0.00,0.000,0.300,0.333,0.533,0.000,0.000,0.000
Gerard King,Wizards,1999-2000,REG,62,0.00,51.62,19.49,28.88,0.00,0.00,0.00,0.000,0.434,0.481,0.638,0.000,0.000,0.000
Adrian Griffin,Celtics,1999-2000,REG,71,5.33,30.99,11.86,43.34,4.84,3.39,0.24,0.227,0.344,0.265,0.570,0.400,0.214,0.000
Chris Crawford,Hawks,1999-2000,REG,55,10.04,32.75,11.79,43.67,0.87,0.87,0.00,0.304,0.307,0.370,0.510,0.000,0.000,0.000
Alvin Williams,Raptors,1999-2000,REG,55,16.03,52.26,7.67,20.91,2.79,0.00,0.35,0.261,0.393,0.227,0.567,0.500,0.000,0.000
Cedric Henderson,Cavaliers,1999-2000,REG,60,1.23,49.39,11.66,34.36,0.92,2.45,0.00,0.000,0.311,0.105,0.661,0.000,0.125,0.000
Anthony Johnson,"Hawks, Magic",1999-2000,REG,55,5.49,51.22,16.46,25.61,0.00,1.22,0.00,0.222,0.357,0.296,0.524,0.000,0.000,0.000
Jacque Vaughn,Jazz,1999-2000,REG,78,12.21,56.11,6.87,24.05,0.76,0.00,0.00,0.406,0.381,0.444,0.492,0.500,0.000,0.000
John Thomas,Raptors,1999-2000,REG,55,0.93,34.58,15.89,48.60,0.00,0.00,0.00,0.000,0.378,0.529,0.500,0.000,0.000,0.000
Rodrick Rhodes,"76ers, Mavericks",1999-2000,REG,1,0.00,33.33,0.00,66.67,0.00,0.00,0.00,0.000,0.000,0.000,0.000,0.000,0.000,0.000
Anthony Parker,Magic,1999-2000,REG,15,15.79,50.88,5.26,19.30,1.75,7.02,0.00,0.000,0.517,0.333,0.636,0.000,0.250,0.000
Bobby Jackson,Timberwolves,1999-2000,REG,72,7.80,56.36,7.80,22.25,2.02,2.60,1.16,0.148,0.390,0.296,0.558,0.571,0.556,0.000
Scot Pollard,Kings,1999-2000,REG,76,0.00,9.54,23.67,66.78,0.00,0.00,0.00,0.000,0.259,0.403,0.608,0.000,0.000,0.000
Chris Anstey,Bulls,1999-2000,REG,73,1.10,51.65,15.11,31.59,0.27,0.00,0.27,0.250,0.383,0.345,0.600,0.000,0.000,0.000
Johnny Taylor,"Nuggets, Magic",1999-2000,REG,6,7.14,57.14,0.00,35.71,0.00,0.00,0.00,1.000,0.250,0.000,0.400,0.000,0.000,0.000
Brevin Knight,Cavaliers,1999-2000,REG,65,1.61,58.42,20.97,18.82,0.18,0.00,0.00,0.222,0.411,0.359,0.495,0.000,0.000,0.000
Kelvin Cato,Rockets,1999-2000,REG,65,0.50,20.90,16.67,61.44,0.00,0.25,0.25,0.000,0.310,0.299,0.688,0.000,0.000,0.000
Maurice Taylor,Clippers,1999-2000,REG,62,0.51,54.66,19.94,24.60,0.10,0.20,0.00,0.200,0.407,0.431,0.626,0.000,0.000,0.000
Derek Anderson,Clippers,1999-2000,REG,64,15.93,42.33,10.12,26.86,2.33,2.09,0.35,0.292,0.393,0.333,0.649,0.350,0.444,0.000
Austin Croshere,Pacers,1999-2000,REG,81,18.38,30.32,10.41,32.62,3.98,4.29,0.00,0.333,0.399,0.265,0.601,0.462,0.393,0.000
Tariq Abdul-Wahad,"Magic, Nuggets",1999-2000,REG,61,3.10,47.52,15.48,33.44,0.46,0.00,0.00,0.100,0.336,0.340,0.620,0.333,0.000,0.000
Danny Fortson,"Celtics, Raptors",1999-2000,REG,55,0.00,14.34,18.87,66.79,0.00,0.00,0.00,0.000,0.421,0.380,0.593,0.000,0.000,0.000
Tracy McGrady,Raptors,1999-2000,REG,79,5.30,46.95,11.49,35.17,0.20,0.69,0.20,0.259,0.385,0.368,0.598,0.000,0.571,0.000
Adonal Foyle,Warriors,1999-2000,REG,76,0.00,8.68,35.79,55.53,0.00,0.00,0.00,0.000,0.273,0.500,0.550,0.000,0.000,0.000
Tim Thomas,Bucks,1999-2000,REG,80,14.87,30.68,9.69,35.59,5.58,3.45,0.13,0.330,0.372,0.397,0.631,0.381,0.385,0.000
Ron Mercer,"Nuggets, Magic",1999-2000,REG,68,2.69,57.41,10.83,27.31,0.93,0.74,0.09,0.345,0.410,0.325,0.519,0.400,0.125,0.000
Tony Battie,Celtics,1999-2000,REG,82,1.31,41.83,19.83,36.60,0.22,0.00,0.22,0.167,0.406,0.396,0.619,0.000,0.000,0.000
Antonio Daniels,Spurs,1999-2000,REG,68,12.50,36.34,15.41,29.36,4.36,1.74,0.29,0.372,0.392,0.377,0.713,0.333,0.167,0.000
Chauncey Billups,"Nuggets, Magic",1999-2000,REG,13,30.69,24.75,7.92,26.73,4.95,4.95,0.00,0.161,0.400,0.250,0.556,0.200,0.200,0.000
Keith Van Horn,Nets,1999-2000,REG,80,14.16,29.04,17.58,35.00,0.48,3.66,0.08,0.360,0.337,0.385,0.602,0.167,0.457,0.000
Tim Duncan,Spurs,1999-2000,REG,74,0.47,38.88,28.96,31.30,0.00,0.16,0.23,0.000,0.444,0.420,0.623,0.000,0.500,0.000
Bruce Bowen,"76ers, Heat",1999-2000,REG,66,16.49,33.51,10.82,25.77,7.22,6.19,0.00,0.438,0.185,0.238,0.560,0.500,0.500,0.000
Lawrence Funderburke,Kings,1999-2000,REG,75,0.00,29.55,16.48,53.41,0.00,0.28,0.28,0.000,0.413,0.362,0.638,0.000,0.000,0.000
Aaron Williams,Wizards,1999-2000,REG,81,0.67,16.22,26.00,57.11,0.00,0.00,0.00,0.000,0.356,0.325,0.665,0.000,0.000,0.000
Michael Hawkins,Hornets,1999-2000,REG,12,23.08,38.46,7.69,15.38,7.69,7.69,0.00,0.333,0.400,0.000,0.000,0.000,0.000,0.000
Ike Austin,Wizards,1999-2000,REG,59,0.57,45.45,21.88,31.53,0.28,0.28,0.00,0.000,0.425,0.299,0.532,0.000,1.000,0.000
Jaren Jackson,Spurs,1999-2000,REG,81,34.63,28.07,2.46,7.17,13.93,13.52,0.20,0.320,0.416,0.167,0.543,0.382,0.424,0.000
Ben Wallace,Magic,1999-2000,REG,81,0.00,7.78,18.56,73.65,0.00,0.00,0.00,0.000,0.192,0.258,0.598,0.000,0.000,0.000
Mark Strickland,Heat,1999-2000,REG,58,0.00,37.05,12.05,50.89,0.00,0.00,0.00,0.000,0.325,0.407,0.737,0.000,0.000,0.000
Tony Farmer,Warriors,1999-2000,REG,74,12.82,19.87,24.04,41.99,0.64,0.32,0.32,0.200,0.403,0.213,0.595,0.000,0.000,0.000
Chucky Atkins,Magic,1999-2000,REG,82,19.30,46.69,9.45,22.00,1.21,0.81,0.54,0.329,0.402,0.400,0.558,0.667,0.500,0.000
Joe Stephens,Grizzlies,1999-2000,REG,13,3.92,49.02,13.73,21.57,7.84,3.92,0.00,0.000,0.440,0.286,0.545,0.000,0.000,0.000
Ira Bowman,76ers,1999-2000,REG,11,0.00,50.00,0.00,50.00,0.00,0.00,0.00,0.000,1.000,0.000,1.000,0.000,0.000,0.000
Matt Maloney,Bulls,1999-2000,REG,51,48.74,26.73,2.52,16.04,2.20,3.77,0.00,0.361,0.318,0.375,0.431,0.286,0.333,0.000
Devin Gray,Rockets,1999-2000,REG,21,0.00,8.11,29.73,62.16,0.00,0.00,0.00,0.000,0.667,0.091,0.522,0.000,0.000,0.000
Erick Strickland,Mavericks,1999-2000,REG,68,19.73,39.04,16.44,19.04,2.47,3.29,0.00,0.375,0.456,0.350,0.518,0.444,0.417,0.000
Dean Garrett,Timberwolves,1999-2000,REG,56,0.00,42.59,24.07,33.33,0.00,0.00,0.00,0.000,0.435,0.269,0.583,0.000,0.000,0.000
Darvin Ham,Bucks,1999-2000,REG,34,0.00,10.16,6.25,82.81,0.00,0.00,0.78,0.000,0.231,0.250,0.623,0.000,0.000,0.000
Emanual Davis,SuperSonics,1999-2000,REG,54,32.27,25.00,13.64,14.55,4.55,10.00,0.00,0.310,0.473,0.333,0.406,0.200,0.318,0.000
Walt Williams,Rockets,1999-2000,REG,76,24.96,31.13,6.75,23.94,6.02,7.20,0.00,0.394,0.439,0.370,0.613,0.439,0.347,0.000
Drew Barry,"Warriors, Hawks",1999-2000,REG,16,54.55,33.33,3.03,9.09,0.00,0.00,0.00,0.389,0.364,1.000,1.000,0.000,0.000,0.000
Shandon Anderson,Rockets,1999-2000,REG,82,16.97,17.74,11.57,41.77,7.20,4.76,0.00,0.326,0.370,0.311,0.646,0.393,0.378,0.000
Jamie Feick,Nets,1999-2000,REG,81,0.00,51.30,4.26,43.74,0.00,0.71,0.00,0.000,0.419,0.111,0.459,0.000,1.000,0.000
Marcus Brown,Pistons,1999-2000,REG,6,42.86,21.43,21.43,7.14,7.14,0.00,0.00,0.000,0.333,0.667,1.000,0.000,0.000,0.000
Malik Rose,Spurs,1999-2000,REG,74,0.52,20.52,16.62,62.08,0.00,0.26,0.00,0.000,0.241,0.234,0.590,0.000,1.000,0.000
Ben Davis,Suns,1999-2000,REG,4,0.00,50.00,16.67,33.33,0.00,0.00,0.00,0.000,0.333,0.000,0.500,0.000,0.000,0.000
Randy Livingston,Suns,1999-2000,REG,79,11.80,34.58,17.43,33.78,1.07,1.34,0.00,0.341,0.388,0.338,0.516,0.250,0.400,0.000
Moochie Norris,Rockets,1999-2000,REG,30,14.47,35.85,17.61,28.30,2.52,1.26,0.00,0.391,0.421,0.321,0.533,0.750,0.000,0.000
Jermaine O'Neal,Trail Blazers,1999-2000,REG,70,0.45,22.52,13.51,63.51,0.00,0.00,0.00,0.000,0.360,0.167,0.603,0.000,0.000,0.000
Peja Stojakovic,Kings,1999-2000,REG,74,24.72,33.24,10.89,18.58,5.87,6.56,0.14,0.356,0.420,0.385,0.684,0.381,0.447,0.000
Kobe Bryant,Lakers,1999-2000,REG,66,11.07,42.77,17.58,27.47,0.51,0.42,0.17,0.328,0.397,0.409,0.683,0.167,0.400,0.000
Jeff McInnis,Clippers,1999-2000,REG,25,10.22,51.08,29.03,8.60,0.00,0.54,0.54,0.368,0.432,0.444,0.500,0.000,0.000,0.000
Mark Hendrickson,"Cavaliers, Nets",1999-2000,REG,15,0.00,37.50,0.00,62.50,0.00,0.00,0.00,0.000,0.667,0.000,0.600,0.000,0.000,0.000
Othella Harrington,Grizzlies,1999-2000,REG,82,0.24,32.65,32.53,34.58,0.00,0.00,0.00,0.000,0.343,0.489,0.679,0.000,0.000,0.000
Travis Knight,Lakers,1999-2000,REG,62,0.00,46.61,7.63,45.76,0.00,0.00,0.00,0.000,0.345,0.556,0.407,0.000,0.000,0.000
Jerome Williams,Pistons,1999-2000,REG,82,0.22,8.77,10.96,79.61,0.00,0.44,0.00,0.000,0.275,0.280,0.639,0.000,0.000,0.000
Derek Fisher,Lakers,1999-2000,REG,78,29.19,42.24,7.25,16.15,2.69,2.48,0.00,0.291,0.368,0.257,0.397,0.385,0.500,0.000
Roy Rogers,Nuggets,1999-2000,REG,40,1.14,42.05,25.00,31.82,0.00,0.00,0.00,0.000,0.189,0.545,0.571,0.000,0.000,0.000
Walter McCarty,Celtics,1999-2000,REG,61,31.74,31.74,6.09,14.35,5.22,10.87,0.00,0.260,0.301,0.357,0.515,0.333,0.440,0.000
John Wallace,Knicks,1999-2000,REG,60,0.30,43.37,25.60,30.12,0.30,0.30,0.00,0.000,0.458,0.318,0.620,0.000,0.000,0.000
Tony Delk,Kings,1999-2000,REG,46,12.19,49.82,15.77,20.07,0.36,1.08,0.72,0.265,0.417,0.432,0.607,0.000,0.000,0.000
Steve Nash,Mavericks,1999-2000,REG,56,31.96,34.44,13.77,10.74,5.51,3.58,0.00,0.405,0.488,0.480,0.718,0.300,0.538,0.000
Todd Fuller,Hornets,1999-2000,REG,41,0.00,29.51,20.49,50.00,0.00,0.00,0.00,0.000,0.306,0.280,0.541,0.000,0.000,0.000
Vitaly Potapenko,Celtics,1999-2000,REG,79,0.00,38.54,29.11,32.20,0.16,0.00,0.00,0.000,0.498,0.441,0.556,0.000,0.000,0.000
Erick Dampier,Warriors,1999-2000,REG,21,0.00,30.64,25.43,43.93,0.00,0.00,0.00,0.000,0.245,0.273,0.592,0.000,0.000,0.000
Samaki Walker,Spurs,1999-2000,REG,71,0.00,39.34,24.92,35.74,0.00,0.00,0.00,0.000,0.333,0.368,0.633,0.000,0.000,0.000
Kerry Kittles,Nets,1999-2000,REG,62,27.22,35.53,8.31,21.78,4.58,2.58,0.00,0.395,0.359,0.328,0.664,0.438,0.389,0.000
Lorenzen Wright,Hawks,1999-2000,REG,75,0.28,31.86,21.88,45.43,0.00,0.28,0.28,0.000,0.357,0.430,0.634,0.000,1.000,0.000
Antoine Walker,Celtics,1999-2000,REG,82,15.01,12.28,22.44,46.48,1.79,1.99,0.00,0.243,0.276,0.355,0.577,0.407,0.233,0.000
Ray Allen,Bucks,1999-2000,REG,82,19.49,36.36,13.75,21.12,4.39,4.04,0.85,0.425,0.407,0.454,0.584,0.435,0.474,0.000
Stephon Marbury,Nets,1999-2000,REG,74,15.64,36.37,10.10,36.07,0.30,1.14,0.38,0.296,0.384,0.444,0.547,0.250,0.267,0.000
Shareef Abdur-Rahim,Grizzlies,1999-2000,REG,82,3.13,33.99,21.46,37.04,2.58,1.64,0.16,0.225,0.366,0.394,0.630,0.394,0.333,0.000
Marcus Camby,Knicks,1999-2000,REG,59,0.00,17.62,16.99,64.97,0.00,0.00,0.42,0.000,0.361,0.300,0.559,0.000,0.000,0.500
Allen Iverson,76ers,1999-2000,REG,70,12.52,41.55,15.18,28.27,0.75,1.73,0.00,0.313,0.364,0.202,0.665,0.462,0.467,0.000
Scottie Pippen,Trail Blazers,1999-2000,REG,82,21.28,30.93,6.28,32.33,4.77,4.42,0.00,0.290,0.421,0.222,0.644,0.439,0.368,0.000
Bryon Russell,Jazz,1999-2000,REG,82,19.58,31.95,6.89,32.28,5.69,3.28,0.33,0.408,0.360,0.270,0.617,0.308,0.500,0.000
Derrick Coleman,Hornets,1999-2000,REG,74,12.67,42.29,19.10,24.21,0.61,1.12,0.00,0.363,0.384,0.369,0.705,0.333,0.364,0.000
Oliver Miller,Suns,1999-2000,REG,50,0.00,10.30,19.31,70.39,0.00,0.00,0.00,0.000,0.292,0.378,0.689,0.000,0.000,0.000
Don MacLean,Suns,1999-2000,REG,16,6.12,53.06,12.24,22.45,4.08,2.04,0.00,0.667,0.308,0.500,0.455,0.000,0.000,0.000
John Salley,Lakers,1999-2000,REG,45,0.00,34.78,26.09,39.13,0.00,0.00,0.00,0.000,0.292,0.222,0.519,0.000,0.000,0.000
Donyell Marshall,Warriors,1999-2000,REG,64,11.90,33.57,15.83,34.17,2.62,1.90,0.00,0.340,0.312,0.256,0.557,0.364,0.438,0.000
Elden Campbell,Hornets,1999-2000,REG,78,0.60,35.10,30.40,33.78,0.12,0.00,0.00,0.000,0.351,0.401,0.596,0.000,0.000,0.000
A.C. Green,Lakers,1999-2000,REG,82,0.52,50.90,12.40,35.66,0.00,0.26,0.26,0.500,0.396,0.417,0.536,0.000,0.000,0.000
Loy Vaught,Pistons,1999-2000,REG,43,2.25,60.67,10.11,25.84,1.12,0.00,0.00,0.000,0.333,0.333,0.478,0.000,0.000,0.000
Corie Blount,Suns,1999-2000,REG,38,2.25,19.10,14.61,64.04,0.00,0.00,0.00,0.000,0.353,0.231,0.614,0.000,0.000,0.000
Rodney Rogers,Suns,1999-2000,REG,82,23.04,18.73,12.60,39.50,4.09,1.93,0.11,0.448,0.364,0.351,0.624,0.444,0.294,0.000
Stanley Roberts,76ers,1999-2000,REG,5,6.25,0.00,62.50,31.25,0.00,0.00,0.00,0.000,0.000,0.200,0.600,0.000,0.000,0.000
Larry Johnson,Knicks,1999-2000,REG,70,14.42,16.41,17.33,39.88,8.44,3.53,0.00,0.330,0.336,0.292,0.596,0.364,0.304,0.000
Ervin Johnson,Bucks,1999-2000,REG,80,0.00,11.83,14.70,73.12,0.00,0.36,0.00,0.000,0.242,0.317,0.603,0.000,0.000,0.000
Malik Sealy,Timberwolves,1999-2000,REG,82,1.67,58.59,9.49,27.44,1.79,0.90,0.13,0.308,0.455,0.392,0.579,0.214,0.429,0.000
Haywoode Workman,"Bucks, Raptors",1999-2000,REG,36,31.11,32.22,4.44,15.56,4.44,12.22,0.00,0.286,0.345,0.250,0.429,0.000,0.545,0.000
Dale Davis,Pacers,1999-2000,REG,74,0.00,22.59,24.42,52.99,0.00,0.00,0.00,0.000,0.338,0.367,0.633,0.000,0.000,0.000
Chris Mullin,Pacers,1999-2000,REG,47,41.18,22.46,5.88,12.83,6.95,10.70,0.00,0.390,0.357,0.364,0.667,0.308,0.550,0.000
Bimbo Coles,Hawks,1999-2000,REG,80,4.78,62.11,14.17,17.46,0.49,0.33,0.66,0.241,0.451,0.407,0.594,0.000,0.500,0.000
Otis Thorpe,Heat,1999-2000,REG,51,0.82,41.56,23.46,33.74,0.00,0.00,0.41,0.000,0.436,0.491,0.646,0.000,0.000,0.000
Tim Hardaway,Heat,1999-2000,REG,52,34.80,34.01,11.76,14.26,3.29,1.72,0.16,0.365,0.387,0.320,0.484,0.333,0.545,0.000
Tyrone Corbin,Kings,1999-2000,REG,54,15.79,53.04,7.69,21.46,1.21,0.81,0.00,0.205,0.351,0.211,0.528,0.333,0.500,0.000
Charles Oakley,Raptors,1999-2000,REG,80,6.43,82.50,2.14,8.04,0.54,0.36,0.00,0.306,0.433,0.250,0.378,0.667,0.500,0.000
Kevin Willis,Raptors,1999-2000,REG,79,0.00,42.36,21.09,36.03,0.00,0.18,0.35,0.000,0.311,0.350,0.576,0.000,1.000,0.000
Charles Barkley,Rockets,1999-2000,REG,20,7.66,35.59,10.36,42.34,0.90,3.15,0.00,0.176,0.316,0.261,0.734,0.500,0.286,0.000
Eric Murdock,Clippers,1999-2000,REG,40,19.02,27.80,20.00,31.71,0.49,0.49,0.49,0.410,0.263,0.366,0.508,0.000,0.000,0.000
Mitch Richmond,Wizards,1999-2000,REG,74,18.68,49.09,9.82,18.21,1.72,2.48,0.00,0.367,0.410,0.330,0.576,0.556,0.385,0.000
Will Perdue,Bulls,1999-2000,REG,67,0.00,11.31,17.86,70.83,0.00,0.00,0.00,0.000,0.053,0.100,0.462,0.000,0.000,0.000
Glen Rice,Lakers,1999-2000,REG,80,19.29,47.14,15.61,14.29,2.35,1.33,0.00,0.376,0.435,0.353,0.614,0.304,0.154,0.000
Rex Walters,Heat,1999-2000,REG,33,16.48,42.86,15.38,19.78,3.30,2.20,0.00,0.200,0.359,0.357,0.778,0.333,0.500,0.000
Mark West,Suns,1999-2000,REG,22,0.00,8.33,33.33,58.33,0.00,0.00,0.00,0.000,0.000,0.000,0.714,0.000,0.000,0.000
B.J. Armstrong,Bulls,1999-2000,REG,27,13.44,62.37,12.90,9.14,1.61,0.54,0.00,0.480,0.431,0.458,0.529,0.333,0.000,0.000
David Wingate,Knicks,1999-2000,REG,6,0.00,55.56,11.11,33.33,0.00,0.00,0.00,0.000,0.000,0.000,0.333,0.000,0.000,0.000
Hersey Hawkins,Bulls,1999-2000,REG,61,30.67,29.07,9.87,23.47,4.00,2.93,0.00,0.391,0.358,0.351,0.591,0.267,0.545,0.000
David Robinson,Spurs,1999-2000,REG,80,0.10,42.77,15.91,41.13,0.10,0.00,0.00,0.000,0.424,0.305,0.686,0.000,0.000,0.000
Tony Massenburg,Rockets,1999-2000,REG,10,0.00,30.56,38.89,30.56,0.00,0.00,0.00,0.000,0.455,0.286,0.636,0.000,0.000,0.000
Shawn Bradley,Mavericks,1999-2000,REG,77,0.54,31.35,28.83,38.92,0.00,0.18,0.18,0.333,0.425,0.413,0.579,0.000,0.000,0.000
Matt Geiger,76ers,1999-2000,REG,65,0.51,46.86,20.54,31.92,0.00,0.00,0.17,0.000,0.373,0.331,0.622,0.000,0.000,0.000
Jerome Kersey,Spurs,1999-2000,REG,72,2.26,71.75,6.21,19.21,0.28,0.00,0.28,0.125,0.421,0.136,0.515,0.000,0.000,0.000
Damon Stoudamire,Trail Blazers,1999-2000,REG,78,19.13,44.41,10.07,21.81,3.02,1.45,0.11,0.374,0.428,0.378,0.523,0.370,0.462,0.000
Jim Jackson,Hawks,1999-2000,REG,79,18.06,52.79,9.72,13.20,2.59,3.32,0.32,0.350,0.402,0.333,0.546,0.531,0.512,0.000
Randy Brown,Bulls,1999-2000,REG,59,1.15,68.97,6.44,23.22,0.00,0.00,0.23,0.600,0.343,0.071,0.485,0.000,0.000,0.000
Rasheed Wallace,Trail Blazers,1999-2000,REG,81,4.02,42.97,18.37,33.88,0.10,0.38,0.29,0.190,0.441,0.458,0.701,0.000,0.000,0.000
Bryant Reeves,Grizzlies,1999-2000,REG,69,0.53,37.19,30.25,31.85,0.00,0.00,0.18,0.000,0.335,0.382,0.654,0.000,0.000,0.000
Greg Ostertag,Jazz,1999-2000,REG,81,0.37,6.37,16.85,76.40,0.00,0.00,0.00,0.000,0.294,0.156,0.549,0.000,0.000,0.000
Eric Snow,76ers,1999-2000,REG,82,6.87,46.57,22.61,23.28,0.34,0.34,0.00,0.220,0.417,0.341,0.604,1.000,0.000,0.000
Cory Alexander,Nuggets,1999-2000,REG,29,29.59,29.59,8.16,26.53,2.04,4.08,0.00,0.276,0.172,0.250,0.462,0.500,0.000,0.000
Corliss Williamson,Kings,1999-2000,REG,76,0.00,21.38,31.67,46.95,0.00,0.00,0.00,0.000,0.346,0.411,0.630,0.000,0.000,0.000
Gary Trent,Mavericks,1999-2000,REG,11,1.41,36.62,29.58,32.39,0.00,0.00,0.00,0.000,0.404,0.381,0.717,0.000,0.000,0.000
Arvydas Sabonis,Trail Blazers,1999-2000,REG,66,3.01,39.30,23.24,34.28,0.00,0.00,0.17,0.389,0.430,0.439,0.649,0.000,0.000,0.000
Michael Finley,Mavericks,1999-2000,REG,82,10.02,47.00,18.83,19.07,1.71,3.06,0.31,0.366,0.420,0.386,0.663,0.536,0.460,0.200
Chris Carr,"Warriors, Bulls",1999-2000,REG,57,17.94,41.94,17.74,19.76,1.41,1.21,0.00,0.315,0.361,0.409,0.541,0.429,0.167,0.000
Mario Bennett,Clippers,1999-2000,REG,1,0.00,0.00,0.00,100.00,0.00,0.00,0.00,0.000,0.000,0.000,0.000,0.000,0.000,0.000
Jerry Stackhouse,Pistons,1999-2000,REG,82,12.99,35.59,6.98,37.53,2.90,3.87,0.14,0.239,0.373,0.297,0.578,0.286,0.464,0.000
Kevin Garnett,Timberwolves,1999-2000,REG,81,4.59,51.18,21.43,22.08,0.39,0.33,0.00,0.400,0.435,0.480,0.688,0.167,0.200,0.000
Mark Davis,Warriors,1999-2000,REG,23,1.46,24.09,21.90,52.55,0.00,0.00,0.00,0.000,0.273,0.233,0.556,0.000,0.000,0.000
Kurt Thomas,Knicks,1999-2000,REG,80,0.37,42.62,23.55,33.27,0.00,0.19,0.00,0.500,0.439,0.492,0.601,0.000,0.000,0.000
Voshon Lenard,Heat,1999-2000,REG,53,26.61,37.68,8.93,12.86,6.61,7.32,0.00,0.376,0.360,0.320,0.653,0.459,0.390,0.000
Brent Barry,SuperSonics,1999-2000,REG,80,43.42,14.85,8.63,20.37,7.07,5.37,0.28,0.407,0.410,0.295,0.708,0.520,0.342,0.000
Fred Hoiberg,Bulls,1999-2000,REG,31,37.83,31.74,4.35,23.04,2.61,0.43,0.00,0.333,0.315,0.100,0.623,0.500,0.000,0.000
Travis Best,Pacers,1999-2000,REG,82,13.90,49.20,9.27,24.96,0.89,1.78,0.00,0.333,0.464,0.404,0.621,0.600,0.600,0.000
Eldridge Recasner,Hornets,1999-2000,REG,7,57.14,42.86,0.00,0.00,0.00,0.00,0.00,0.250,0.667,0.000,0.000,0.000,0.000,0.000
Sam Mack,Warriors,1999-2000,REG,23,36.07,27.87,4.10,15.57,8.20,8.20,0.00,0.295,0.235,0.200,0.368,0.500,0.300,0.000
Joe Smith,Timberwolves,1999-2000,REG,78,0.16,47.67,24.40,27.77,0.00,0.00,0.00,1.000,0.424,0.382,0.601,0.000,0.000,0.000
Andrew DeClercq,Cavaliers,1999-2000,REG,82,0.00,13.77,22.80,63.43,0.00,0.00,0.00,0.000,0.295,0.356,0.609,0.000,0.000,0.000
Don Reid,"Pistons, Wizards",1999-2000,REG,38,0.00,12.50,25.00,62.50,0.00,0.00,0.00,0.000,0.357,0.393,0.629,0.000,0.000,0.000
Theo Ratliff,76ers,1999-2000,REG,57,0.00,28.72,28.51,42.57,0.20,0.00,0.00,0.000,0.326,0.350,0.722,1.000,0.000,0.000
Michael Curry,Pistons,1999-2000,REG,82,1.06,61.90,4.50,32.28,0.00,0.00,0.26,0.250,0.415,0.588,0.607,0.000,0.000,0.000
Cherokee Parks,Grizzlies,1999-2000,REG,55,0.69,53.79,9.66,35.86,0.00,0.00,0.00,0.000,0.410,0.429,0.654,0.000,0.000,0.000
Antonio McDyess,Nuggets,1999-2000,REG,81,0.17,44.59,17.59,37.57,0.00,0.00,0.08,0.000,0.398,0.446,0.668,0.000,0.000,0.000
Donny Marshall,Cavaliers,1999-2000,REG,6,18.18,27.27,0.00,45.45,0.00,9.09,0.00,0.000,0.333,0.000,0.400,0.000,0.000,0.000
Bob Sura,Cavaliers,1999-2000,REG,73,34.11,15.09,5.89,38.28,2.21,4.29,0.12,0.378,0.293,0.354,0.580,0.333,0.314,0.000
John Amaechi,Magic,1999-2000,REG,80,0.71,45.71,20.86,32.57,0.14,0.00,0.00,0.200,0.409,0.356,0.535,0.000,0.000,0.000
Jason Caffey,Warriors,1999-2000,REG,71,0.15,22.67,27.70,49.33,0.00,0.00,0.15,0.000,0.320,0.353,0.625,0.000,0.000,0.000
Eric Williams,Celtics,1999-2000,REG,68,4.66,27.72,20.98,32.64,6.48,7.51,0.00,0.222,0.421,0.333,0.540,0.280,0.483,0.000
Thomas Hamilton,Rockets,1999-2000,REG,22,0.00,6.33,35.44,58.23,0.00,0.00,0.00,0.000,0.200,0.179,0.630,0.000,0.000,0.000
Reggie Jordan,Wizards,1999-2000,REG,35,1.89,30.19,11.32,56.60,0.00,0.00,0.00,0.000,0.188,0.333,0.400,0.000,0.000,0.000
Alan Henderson,Hawks,1999-2000,REG,82,0.86,35.38,19.03,44.52,0.00,0.22,0.00,0.125,0.334,0.311,0.635,0.000,0.000,0.000
Matt Bullard,Rockets,1999-2000,REG,56,43.53,35.88,5.88,6.18,3.53,5.00,0.00,0.439,0.377,0.300,0.381,0.250,0.647,0.000
Jamal Mashburn,Heat,1999-2000,REG,76,13.99,41.71,16.06,18.22,4.58,5.44,0.00,0.352,0.422,0.376,0.611,0.566,0.397,0.000
Jon Barry,Kings,1999-2000,REG,62,31.79,26.01,7.80,21.97,3.18,9.25,0.00,0.418,0.444,0.259,0.645,0.455,0.438,0.000
Jason Kidd,Suns,1999-2000,REG,67,14.97,45.85,11.23,24.56,1.52,1.75,0.12,0.336,0.347,0.344,0.605,0.462,0.333,0.000
J.R. Reid,Bucks,1999-2000,REG,34,4.72,61.42,18.90,14.17,0.79,0.00,0.00,0.167,0.487,0.375,0.278,0.000,0.000,0.000
Popeye Jones,Nuggets,1999-2000,REG,39,2.88,44.23,21.15,31.73,0.00,0.00,0.00,0.667,0.391,0.455,0.424,0.000,0.000,0.000
Howard Eisley,Jazz,1999-2000,REG,82,20.30,52.00,9.78,14.52,2.37,1.04,0.00,0.365,0.427,0.348,0.520,0.375,0.286,0.000
Andrew Lang,Knicks,1999-2000,REG,18,0.00,50.00,23.44,26.56,0.00,0.00,0.00,0.000,0.438,0.333,0.529,0.000,0.000,0.000
Chuck Person,SuperSonics,1999-2000,REG,37,68.29,9.76,8.13,4.88,2.44,5.69,0.81,0.238,0.417,0.300,0.833,0.000,0.571,0.000
Vin Baker,SuperSonics,1999-2000,REG,79,0.80,42.25,22.50,34.46,0.00,0.00,0.00,0.333,0.371,0.386,0.607,0.000,0.000,0.000
Bo Outlaw,Magic,1999-2000,REG,82,0.59,10.91,16.22,71.98,0.00,0.00,0.29,0.000,0.270,0.309,0.725,0.000,0.000,0.000
Lucious Harris,Nets,1999-2000,REG,77,17.49,46.65,7.13,21.60,5.40,1.73,0.00,0.309,0.431,0.394,0.550,0.400,0.250,0.000
Wesley Person,Cavaliers,1999-2000,REG,79,28.90,40.83,8.26,12.69,2.60,6.73,0.00,0.402,0.390,0.407,0.578,0.529,0.477,0.000
Pervis Ellison,Celtics,1999-2000,REG,30,0.00,18.60,18.60,62.79,0.00,0.00,0.00,0.000,0.375,0.500,0.444,0.000,0.000,0.000
Lamond Murray,Cavaliers,1999-2000,REG,74,8.83,47.20,7.56,31.60,1.28,3.53,0.00,0.356,0.385,0.377,0.606,0.308,0.417,0.000
Zan Tabak,Pacers,1999-2000,REG,18,0.00,32.35,26.47,41.18,0.00,0.00,0.00,0.000,0.364,0.111,0.786,0.000,0.000,0.000
Juwan Howard,Wizards,1999-2000,REG,82,0.54,49.82,26.17,23.38,0.00,0.00,0.09,0.000,0.400,0.462,0.595,0.000,0.000,0.000
Carlos Rogers,Rockets,1999-2000,REG,53,1.85,20.06,15.12,60.49,1.54,0.93,0.00,0.167,0.231,0.367,0.694,0.000,0.000,0.000
Pete Chilcutt,"Jazz, Clippers, Cavaliers",1999-2000,REG,56,17.32,54.33,7.87,17.32,1.57,1.57,0.00,0.182,0.435,0.400,0.591,0.000,1.000,0.000
Shawn Kemp,Cavaliers,1999-2000,REG,82,0.43,36.72,16.55,46.21,0.00,0.00,0.09,0.400,0.354,0.240,0.532,0.000,0.000,0.000
Sherman Douglas,Nets,1999-2000,REG,20,17.78,38.89,7.78,35.56,0.00,0.00,0.00,0.313,0.514,0.286,0.625,0.000,0.000,0.000
Chris Gatling,"Magic, Nuggets",1999-2000,REG,85,1.75,29.80,23.32,38.15,4.99,2.00,0.00,0.214,0.356,0.353,0.641,0.250,0.313,0.000
Avery Johnson,Spurs,1999-2000,REG,82,0.59,42.47,16.82,39.53,0.47,0.00,0.12,0.200,0.413,0.371,0.592,0.000,0.000,0.000
Sam Mitchell,Timberwolves,1999-2000,REG,66,4.26,65.43,13.56,14.89,1.06,0.80,0.00,0.500,0.402,0.412,0.679,0.250,0.333,0.000
Shaquille O'Neal,Lakers,1999-2000,REG,79,0.06,12.25,41.86,45.83,0.00,0.00,0.00,0.000,0.338,0.453,0.748,0.000,0.000,0.000
Derek Strong,Magic,1999-2000,REG,20,6.25,50.00,8.33,33.33,2.08,0.00,0.00,0.333,0.333,0.000,0.750,0.000,0.000,0.000
Sean Rooks,Mavericks,1999-2000,REG,70,0.00,41.70,23.67,34.63,0.00,0.00,0.00,0.000,0.356,0.373,0.561,0.000,0.000,0.000
Reggie Miller,Pacers,1999-2000,REG,81,23.63,40.63,5.86,14.79,5.28,9.80,0.00,0.370,0.430,0.279,0.662,0.491,0.461,0.000
Rod Strickland,Wizards,1999-2000,REG,69,2.49,48.95,18.50,29.79,0.00,0.26,0.00,0.053,0.397,0.326,0.581,0.000,0.000,0.000
Toni Kukoc,"Bulls, 76ers",1999-2000,REG,56,19.23,35.58,15.80,25.69,2.20,1.51,0.00,0.257,0.382,0.365,0.604,0.188,0.364,0.000
Elliot Perry,Nets,1999-2000,REG,60,11.56,63.27,6.46,17.35,0.68,0.68,0.00,0.294,0.414,0.474,0.608,0.000,0.500,0.000
Calbert Cheaney,Celtics,1999-2000,REG,67,7.33,53.85,11.36,15.38,9.89,2.20,0.00,0.250,0.429,0.387,0.667,0.333,0.500,0.000
Kendall Gill,Nets,1999-2000,REG,76,6.28,54.50,6.90,30.44,0.73,1.15,0.00,0.283,0.361,0.227,0.595,0.143,0.182,0.000
Eric Montross,Pistons,1999-2000,REG,51,0.00,60.00,21.82,18.18,0.00,0.00,0.00,0.000,0.333,0.167,0.400,0.000,0.000,0.000
Isaiah Rider,Hawks,1999-2000,REG,60,16.14,55.41,12.13,15.67,0.37,0.28,0.00,0.306,0.404,0.362,0.631,0.500,0.333,0.000
Terry Mills,Pistons,1999-2000,REG,82,42.83,37.30,4.10,9.02,3.48,3.28,0.00,0.373,0.478,0.400,0.545,0.529,0.500,0.000
Charlie Ward,Knicks,1999-2000,REG,72,42.51,16.33,5.82,19.24,6.94,7.38,1.79,0.400,0.370,0.269,0.616,0.355,0.424,0.125
Derrick McKey,Pacers,1999-2000,REG,31,12.96,36.11,19.44,23.15,2.78,5.56,0.00,0.429,0.385,0.190,0.560,0.667,0.333,0.000
Rex Chapman,Suns,1999-2000,REG,52,21.56,44.69,9.06,8.75,5.00,10.63,0.31,0.304,0.371,0.414,0.679,0.313,0.412,0.000
Christian Laettner,Pistons,1999-2000,REG,82,2.62,43.70,11.49,41.82,0.37,0.00,0.00,0.286,0.417,0.359,0.576,0.333,0.000,0.000
Clifford Robinson,Suns,1999-2000,REG,80,22.07,27.85,21.54,22.85,2.71,2.98,0.00,0.337,0.456,0.378,0.670,0.548,0.441,0.000
Chucky Brown,"Spurs, Hornets",1999-2000,REG,63,2.13,76.52,5.79,14.63,0.30,0.61,0.00,0.286,0.418,0.421,0.688,0.000,0.000,0.000
Anfernee Hardaway,Suns,1999-2000,REG,60,11.03,39.47,16.92,30.95,1.00,0.63,0.00,0.330,0.422,0.400,0.644,0.250,0.200,0.000
Darrell Armstrong,Magic,1999-2000,REG,82,31.72,35.84,7.51,20.64,1.97,2.14,0.18,0.344,0.456,0.381,0.571,0.364,0.292,0.000
Mark Jackson,Pacers,1999-2000,REG,81,35.61,15.09,23.51,22.63,1.40,1.58,0.18,0.404,0.302,0.425,0.574,0.625,0.222,0.000
Terry Porter,Spurs,1999-2000,REG,68,31.10,29.81,5.83,19.87,5.83,7.34,0.22,0.444,0.355,0.333,0.641,0.370,0.471,0.000
Dana Barros,Celtics,1999-2000,REG,72,29.66,47.36,5.75,13.79,2.30,0.92,0.23,0.411,0.466,0.280,0.567,0.300,0.750,0.000
Tom Gugliotta,Suns,1999-2000,REG,54,0.78,53.02,10.85,34.88,0.00,0.16,0.31,0.000,0.415,0.414,0.613,0.000,1.000,0.000
Danny Manning,Bucks,1999-2000,REG,72,0.29,52.51,19.76,26.55,0.29,0.29,0.29,0.000,0.326,0.448,0.667,0.000,1.000,0.000
Anthony Peeler,Timberwolves,1999-2000,REG,82,23.59,42.76,5.38,16.69,7.31,4.28,0.00,0.322,0.452,0.462,0.603,0.340,0.387,0.000
Greg Foster,SuperSonics,1999-2000,REG,60,4.91,80.80,7.14,5.80,0.89,0.45,0.00,0.091,0.409,0.375,0.615,1.000,0.000,0.000
John Starks,"Warriors, Bulls",1999-2000,REG,37,23.25,53.69,5.90,8.86,6.46,1.85,0.00,0.310,0.381,0.250,0.521,0.486,0.300,0.000
John Stockton,Jazz,1999-2000,REG,82,15.72,42.62,9.66,31.03,0.69,0.28,0.00,0.351,0.540,0.314,0.582,0.400,0.500,0.000
Mookie Blaylock,Warriors,1999-2000,REG,73,29.03,44.44,6.81,13.14,2.87,3.46,0.24,0.342,0.384,0.263,0.636,0.375,0.241,0.000
Glenn Robinson,Bucks,1999-2000,REG,81,10.61,56.88,12.80,14.10,3.70,1.85,0.07,0.368,0.478,0.481,0.568,0.407,0.259,0.000
Alonzo Mourning,Heat,1999-2000,REG,79,0.34,42.74,25.17,31.76,0.00,0.00,0.00,0.000,0.443,0.490,0.750,0.000,0.000,0.000
Rick Fox,Lakers,1999-2000,REG,82,25.70,35.14,9.44,19.08,4.62,6.02,0.00,0.359,0.377,0.426,0.642,0.261,0.233,0.000
Anthony Miller,Rockets,1999-2000,REG,35,0.00,5.15,13.40,81.44,0.00,0.00,0.00,0.000,0.400,0.154,0.608,0.000,0.000,0.000
Armen Gilliam,Jazz,1999-2000,REG,50,0.33,43.61,31.48,24.59,0.00,0.00,0.00,0.000,0.421,0.438,0.467,0.000,0.000,0.000
Lindsey Hunter,Pistons,1999-2000,REG,82,31.95,28.81,8.18,19.39,5.27,6.39,0.00,0.407,0.401,0.342,0.480,0.596,0.421,0.000
Scott Williams,Bucks,1999-2000,REG,68,0.00,42.96,16.90,40.14,0.00,0.00,0.00,0.000,0.393,0.431,0.643,0.000,0.000,0.000
Felton Spencer,Spurs,1999-2000,REG,25,0.00,18.18,27.27,54.55,0.00,0.00,0.00,0.000,0.500,0.222,0.556,0.000,0.000,0.000
Stacey Augmon,Trail Blazers,1999-2000,REG,58,0.57,40.57,16.00,42.29,0.00,0.00,0.57,0.000,0.352,0.357,0.649,0.000,0.000,0.000
Allan Houston,Knicks,1999-2000,REG,82,12.75,58.22,8.97,13.85,3.15,2.83,0.24,0.444,0.504,0.474,0.460,0.425,0.472,0.000
Johnny Newman,Nets,1999-2000,REG,82,19.10,32.91,6.58,30.18,8.19,2.89,0.16,0.403,0.405,0.268,0.596,0.333,0.389,0.000
Horace Grant,SuperSonics,1999-2000,REG,76,0.50,71.62,8.01,19.70,0.17,0.00,0.00,0.000,0.415,0.354,0.602,0.000,0.000,0.000
Michael Cage,Nets,1999-2000,REG,19,0.00,16.67,4.17,79.17,0.00,0.00,0.00,0.000,0.750,0.000,0.474,0.000,0.000,0.000
Brian Grant,Trail Blazers,1999-2000,REG,63,0.28,29.55,21.31,48.58,0.00,0.00,0.28,1.000,0.385,0.413,0.591,0.000,0.000,0.000
Grant Hill,Pistons,1999-2000,REG,74,5.91,47.12,9.28,36.71,0.42,0.42,0.14,0.357,0.415,0.356,0.646,0.500,0.167,0.000
Karl Malone,Jazz,1999-2000,REG,82,0.54,55.89,9.82,33.74,0.00,0.00,0.00,0.250,0.433,0.393,0.675,0.000,0.000,0.000
Sean Elliott,Spurs,1999-2000,REG,19,13.21,30.19,11.32,23.58,13.21,7.55,0.94,0.500,0.344,0.250,0.440,0.357,0.125,0.000
George Lynch,76ers,1999-2000,REG,75,3.26,37.27,14.91,42.24,0.78,1.40,0.16,0.381,0.363,0.208,0.643,0.600,0.444,0.000
Dee Brown,Raptors,1999-2000,REG,38,48.45,20.54,1.55,5.81,12.79,10.85,0.00,0.368,0.396,0.000,0.400,0.394,0.250,0.000
Aaron McKie,76ers,1999-2000,REG,82,13.66,54.64,9.44,15.35,3.71,3.20,0.00,0.321,0.414,0.179,0.615,0.409,0.474,0.000
Darrick Martin,Kings,1999-2000,REG,71,26.00,21.71,18.00,25.14,4.29,4.29,0.57,0.330,0.276,0.460,0.511,0.400,0.133,0.000
Tyrone Hill,76ers,1999-2000,REG,68,0.15,25.30,28.35,46.19,0.00,0.00,0.00,0.000,0.355,0.333,0.650,0.000,0.000,0.000
Khalid Reeves,Bulls,1999-2000,REG,3,25.00,25.00,0.00,50.00,0.00,0.00,0.00,0.000,0.000,0.000,0.500,0.000,0.000,0.000
Adam Keefe,Jazz,1999-2000,REG,62,0.00,31.54,20.77,46.92,0.00,0.77,0.00,0.000,0.244,0.185,0.623,0.000,0.000,0.000
Antonio Lang,"Raptors, 76ers",1999-2000,REG,10,0.00,16.67,33.33,50.00,0.00,0.00,0.00,0.000,0.000,0.000,0.333,0.000,0.000,0.000
Bill Curley,"Warriors, Rockets",1999-2000,REG,28,1.47,39.71,26.47,32.35,0.00,0.00,0.00,0.000,0.370,0.444,0.500,0.000,0.000,0.000
Eddie Jones,Hornets,1999-2000,REG,72,23.32,38.87,5.99,24.75,2.23,4.83,0.00,0.387,0.359,0.313,0.625,0.400,0.315,0.000
Clar. Weatherspoon,Heat,1999-2000,REG,78,0.00,30.07,23.15,46.78,0.00,0.00,0.00,0.000,0.421,0.330,0.663,0.000,0.000,0.000
Vinny Del Negro,Bucks,1999-2000,REG,66,4.31,75.08,10.15,7.38,1.23,1.85,0.00,0.286,0.480,0.424,0.583,0.250,0.500,0.000
Brian Shaw,Lakers,1999-2000,REG,74,14.60,37.89,16.77,27.95,1.55,0.93,0.31,0.362,0.287,0.370,0.556,0.200,0.000,0.000
Antonio Davis,Raptors,1999-2000,REG,79,0.00,31.74,21.63,46.63,0.00,0.00,0.00,0.000,0.319,0.370,0.554,0.000,0.000,0.000
Terrell Brandon,Timberwolves,1999-2000,REG,71,10.36,62.76,9.98,14.68,1.06,0.58,0.58,0.417,0.463,0.423,0.569,0.545,0.167,0.000
Dell Curry,Raptors,1999-2000,REG,67,30.18,40.31,2.20,4.41,9.69,13.22,0.00,0.365,0.470,0.200,0.550,0.409,0.450,0.000
Sam Cassell,Bucks,1999-2000,REG,81,5.90,61.03,14.70,16.58,0.60,0.94,0.26,0.261,0.455,0.488,0.567,0.714,0.273,0.000
Jeff Hornacek,Jazz,1999-2000,REG,77,15.38,44.51,15.93,20.60,1.51,1.92,0.14,0.438,0.491,0.414,0.567,0.909,0.429,1.000
Gary Grant,Trail Blazers,1999-2000,REG,3,0.00,85.71,14.29,0.00,0.00,0.00,0.00,0.000,0.500,0.000,0.000,0.000,0.000,0.000
Chris Dudley,Knicks,1999-2000,REG,47,0.00,7.46,17.91,74.63,0.00,0.00,0.00,0.000,0.200,0.083,0.420,0.000,0.000,0.000
Danny Ferry,Cavaliers,1999-2000,REG,63,16.58,71.05,6.58,2.63,2.37,0.53,0.26,0.413,0.522,0.400,0.500,0.667,0.500,0.000
Scott Burrell,Nets,1999-2000,REG,74,45.58,26.25,2.86,15.75,5.73,3.58,0.24,0.366,0.427,0.083,0.530,0.417,0.133,0.000
Anthony Mason,Hornets,1999-2000,REG,82,0.15,29.05,25.57,45.23,0.00,0.00,0.00,0.000,0.396,0.444,0.555,0.000,0.000,0.000
Dennis Scott,Grizzlies,1999-2000,REG,66,36.94,30.33,7.81,5.11,9.61,10.21,0.00,0.398,0.347,0.385,0.529,0.281,0.382,0.000
Duane Causwell,Heat,1999-2000,REG,25,0.00,21.62,37.84,40.54,0.00,0.00,0.00,0.000,0.375,0.500,0.667,0.000,0.000,0.000
Terry Cummings,Warriors,1999-2000,REG,22,0.00,64.41,14.69,20.90,0.00,0.00,0.00,0.000,0.404,0.385,0.541,0.000,0.000,0.000
Chris Webber,Kings,1999-2000,REG,75,5.81,45.80,22.22,25.84,0.13,0.06,0.13,0.278,0.413,0.424,0.705,0.500,1.000,0.000
Bobby Phills,Hornets,1999-2000,REG,28,18.21,38.51,11.64,22.99,2.99,5.67,0.00,0.344,0.434,0.333,0.701,0.100,0.368,0.000
Billy Owens,"76ers, Warriors",1999-2000,REG,62,5.87,36.31,16.48,37.43,1.12,2.51,0.28,0.381,0.331,0.271,0.597,0.250,0.222,0.000
John Crotty,Pistons,1999-2000,REG,69,28.69,30.68,5.18,32.27,1.20,1.59,0.40,0.431,0.377,0.462,0.469,0.333,0.250,0.000
Bryant Stith,Nuggets,1999-2000,REG,45,15.87,33.33,14.29,22.75,7.41,6.35,0.00,0.267,0.429,0.407,0.721,0.429,0.250,0.000
Olden Polynice,Jazz,1999-2000,REG,82,0.50,16.33,32.66,50.50,0.00,0.00,0.00,0.500,0.308,0.400,0.647,0.000,0.000,0.000
Muggsy Bogues,Raptors,1999-2000,REG,80,7.82,67.32,7.26,11.17,3.63,2.79,0.00,0.357,0.448,0.500,0.475,0.385,0.200,0.000
Antonio Harvey,Trail Blazers,1999-2000,REG,17,0.00,13.33,23.33,63.33,0.00,0.00,0.00,0.000,0.500,0.286,0.684,0.000,0.000,0.000
Joe Kleine,Trail Blazers,1999-2000,REG,7,0.00,90.91,0.00,9.09,0.00,0.00,0.00,0.000,0.300,0.000,1.000,0.000,0.000,0.000
Chris Mills,Warriors,1999-2000,REG,20,7.88,53.42,16.10,20.21,1.71,0.68,0.00,0.130,0.385,0.426,0.593,0.800,0.500,0.000
Ron Harper,Lakers,1999-2000,REG,80,12.99,21.85,16.38,41.81,3.39,3.39,0.19,0.275,0.259,0.253,0.572,0.389,0.389,0.000
Hakeem Olajuwon,Rockets,1999-2000,REG,44,0.24,42.04,29.93,27.55,0.00,0.00,0.24,0.000,0.333,0.413,0.707,0.000,0.000,0.000
Chris Childs,Knicks,1999-2000,REG,71,24.37,45.94,4.48,20.73,1.40,2.24,0.84,0.391,0.439,0.188,0.459,0.000,0.375,0.000
Antoine Carr,Grizzlies,1999-2000,REG,21,0.00,65.63,17.19,17.19,0.00,0.00,0.00,0.000,0.381,0.455,0.636,0.000,0.000,0.000
Jalen Rose,Pacers,1999-2000,REG,80,9.78,50.17,16.22,17.31,3.18,3.34,0.00,0.393,0.432,0.500,0.633,0.395,0.375,0.000
Jud Buechler,Pistons,1999-2000,REG,58,24.36,31.41,1.92,13.46,19.87,8.97,0.00,0.184,0.449,0.333,0.667,0.258,0.214,0.000
Tracy Murray,Wizards,1999-2000,REG,80,27.20,42.15,8.67,10.01,7.17,4.78,0.00,0.390,0.408,0.328,0.627,0.542,0.500,0.000
Anthony Avent,Clippers,1999-2000,REG,48,0.00,35.42,21.88,42.71,0.00,0.00,0.00,0.000,0.118,0.190,0.512,0.000,0.000,0.000
Vernon Maxwell,SuperSonics,1999-2000,REG,47,34.69,25.71,11.02,17.96,4.29,6.33,0.00,0.324,0.349,0.259,0.500,0.190,0.258,0.000
P.J. Brown,Heat,1999-2000,REG,80,0.15,56.04,13.86,29.96,0.00,0.00,0.00,0.000,0.423,0.323,0.662,0.000,0.000,0.000
Kevin Johnson,Suns,1999-2000,REG,6,0.00,67.86,3.57,25.00,3.57,0.00,0.00,0.000,0.421,1.000,0.857,1.000,0.000,0.000
David Wesley,Hornets,1999-2000,REG,82,20.73,51.31,4.82,18.22,2.83,2.09,0.00,0.348,0.441,0.283,0.523,0.333,0.450,0.000
Vlade Divac,Kings,1999-2000,REG,82,2.88,27.49,25.13,43.98,0.13,0.26,0.13,0.227,0.390,0.417,0.640,1.000,0.500,0.000
Robert Pack,Mavericks,1999-2000,REG,29,3.04,36.52,13.04,45.65,1.74,0.00,0.00,0.429,0.310,0.133,0.590,0.250,0.000,0.000
Patrick Ewing,Knicks,1999-2000,REG,62,0.00,40.00,21.29,38.45,0.00,0.13,0.13,0.000,0.374,0.394,0.604,0.000,0.000,0.000
Steven Smith,Trail Blazers,1999-2000,REG,82,17.44,34.56,12.78,25.89,2.67,6.00,0.67,0.376,0.421,0.435,0.618,0.458,0.463,0.000
LaPhonso Ellis,Hawks,1999-2000,REG,58,3.88,57.97,12.50,25.00,0.22,0.43,0.00,0.056,0.413,0.379,0.629,1.000,0.500,0.000
Robert Horry,Lakers,1999-2000,REG,76,18.46,33.88,10.19,30.03,2.48,4.96,0.00,0.284,0.366,0.432,0.633,0.222,0.444,0.000
Dale Ellis,"Bucks, Hornets",1999-2000,REG,42,41.51,27.67,1.26,8.18,10.06,11.32,0.00,0.364,0.409,0.000,0.846,0.438,0.333,0.000
Dan Majerle,Heat,1999-2000,REG,69,55.92,7.35,3.79,16.82,8.06,8.06,0.00,0.352,0.161,0.188,0.732,0.412,0.382,0.000
Benoit Benjamin,Cavaliers,1999-2000,REG,3,0.00,0.00,66.67,33.33,0.00,0.00,0.00,0.000,0.000,0.000,1.000,0.000,0.000,0.000
Todd Day,Suns,1999-2000,REG,58,30.91,19.70,4.85,28.79,6.67,9.09,0.00,0.392,0.231,0.375,0.516,0.318,0.433,0.000
Tim Legler,Warriors,1999-2000,REG,23,24.36,47.44,10.26,15.38,1.28,1.28,0.00,0.316,0.297,0.375,0.583,1.000,0.000,0.000
Nick Anderson,Kings,1999-2000,REG,72,39.13,22.25,12.79,14.45,5.88,4.86,0.64,0.343,0.368,0.390,0.628,0.304,0.342,0.000
Detlef Schrempf,Trail Blazers,1999-2000,REG,77,9.01,39.49,15.47,33.26,1.62,1.15,0.00,0.462,0.363,0.373,0.549,0.143,0.400,0.000
Mark Bryant,Cavaliers,1999-2000,REG,75,0.00,31.50,30.35,38.15,0.00,0.00,0.00,0.000,0.385,0.410,0.674,0.000,0.000,0.000
Hubert Davis,Mavericks,1999-2000,REG,79,32.11,38.15,13.36,12.50,1.72,2.16,0.00,0.477,0.435,0.419,0.552,0.625,0.600,0.000
Nick Van Exel,Nuggets,1999-2000,REG,79,27.37,33.72,17.81,15.50,3.38,1.98,0.25,0.337,0.374,0.417,0.516,0.293,0.375,0.000
Dikembe Mutombo,Hawks,1999-2000,REG,82,0.00,17.63,32.29,50.09,0.00,0.00,0.00,0.000,0.376,0.443,0.704,0.000,0.000,0.000
Brent Price,"Grizzlies, Clippers",1999-2000,REG,41,52.10,22.69,7.56,13.45,1.68,2.52,0.00,0.371,0.185,0.556,0.438,0.000,0.333,0.000
Latrell Sprewell,Knicks,1999-2000,REG,82,6.59,53.56,15.33,21.46,1.30,1.69,0.08,0.314,0.408,0.375,0.586,0.412,0.455,0.000
Doug Overton,Celtics,1999-2000,REG,48,14.29,52.60,9.09,20.13,1.30,1.95,0.65,0.364,0.420,0.286,0.419,0.000,0.667,0.000
Bill Wennington,Kings,1999-2000,REG,7,0.00,80.00,0.00,20.00,0.00,0.00,0.00,0.000,0.313,0.000,0.250,0.000,0.000,0.000
Cedric Ceballos,Mavericks,1999-2000,REG,69,5.79,35.73,9.98,41.02,4.29,2.99,0.20,0.207,0.369,0.220,0.608,0.395,0.467,0.000
Kenny Anderson,Celtics,1999-2000,REG,82,19.98,34.89,15.52,27.28,1.62,0.71,0.00,0.386,0.451,0.359,0.517,0.375,0.429,0.000
Steve Kerr,Spurs,1999-2000,REG,31,36.49,50.00,6.76,1.35,1.35,4.05,0.00,0.556,0.378,0.200,1.000,1.000,0.000,0.000
Tom Hammonds,Timberwolves,1999-2000,REG,55,0.00,32.99,24.74,42.27,0.00,0.00,0.00,0.000,0.406,0.333,0.512,0.000,0.000,0.000
Sam Perkins,Pacers,1999-2000,REG,81,35.60,21.54,13.83,15.19,8.62,5.22,0.00,0.395,0.379,0.311,0.597,0.474,0.391,0.000
Michael Smith,Wizards,1999-2000,REG,46,0.52,4.69,17.71,77.08,0.00,0.00,0.00,0.000,0.222,0.324,0.642,0.000,0.000,0.000
Doug Christie,Raptors,1999-2000,REG,73,20.16,34.03,6.68,23.30,9.29,6.41,0.13,0.364,0.365,0.392,0.545,0.366,0.347,0.000
Gary Payton,SuperSonics,1999-2000,REG,82,25.21,25.33,16.15,27.49,1.56,4.20,0.06,0.338,0.363,0.368,0.699,0.192,0.400,0.000
Marty Conlon,"Celtics, Clippers",1999-2000,REG,3,0.00,50.00,0.00,50.00,0.00,0.00,0.00,0.000,0.000,0.000,1.000,0.000,0.000,0.000
Dickey Simpkins,Bulls,1999-2000,REG,69,0.36,27.01,16.79,55.84,0.00,0.00,0.00,0.000,0.243,0.217,0.542,0.000,0.000,0.000
Mario Elie,Spurs,1999-2000,REG,79,25.16,22.32,11.16,25.60,6.13,9.63,0.00,0.417,0.402,0.373,0.513,0.357,0.386,0.000
Gheorghe Muresan,Nets,1999-2000,REG,30,0.00,35.56,34.44,30.00,0.00,0.00,0.00,0.000,0.313,0.419,0.667,0.000,0.000,0.000
George McCloud,Nuggets,1999-2000,REG,78,30.09,32.76,5.49,17.24,8.46,5.80,0.16,0.354,0.397,0.400,0.564,0.370,0.514,0.000
Chris Whitney,Wizards,1999-2000,REG,82,42.42,28.60,10.94,11.52,2.69,3.84,0.00,0.380,0.450,0.298,0.617,0.286,0.400,0.000
Monty Williams,Magic,1999-2000,REG,75,0.37,37.36,13.20,48.51,0.37,0.00,0.19,0.000,0.388,0.324,0.613,0.500,0.000,1.000
Lorenzo Williams,Wizards,1999-2000,REG,8,0.00,0.00,11.11,88.89,0.00,0.00,0.00,0.000,0.000,0.000,0.875,0.000,0.000,0.000
Jim McIlvaine,Nets,1999-2000,REG,66,0.00,18.83,16.88,64.29,0.00,0.00,0.00,0.000,0.310,0.308,0.475,0.000,0.000,0.000
Doug West,Grizzlies,1999-2000,REG,37,0.69,51.72,8.97,37.24,0.69,0.69,0.00,0.000,0.360,0.308,0.519,0.000,0.000,0.000
Luc Longley,Suns,1999-2000,REG,72,0.00,38.60,22.06,39.35,0.00,0.00,0.00,0.000,0.416,0.420,0.541,0.000,0.000,0.000
Dennis Rodman,Mavericks,1999-2000,REG,12,3.23,3.23,25.81,67.74,0.00,0.00,0.00,0.000,0.000,0.000,0.571,0.000,0.000,0.000
Rik Smits,Pacers,1999-2000,REG,79,0.11,48.76,34.72,16.40,0.00,0.00,0.00,0.000,0.417,0.485,0.685,0.000,0.000,0.000
Greg Anthony,Trail Blazers,1999-2000,REG,82,43.03,25.96,3.85,14.18,7.69,5.05,0.24,0.380,0.398,0.250,0.576,0.188,0.667,0.000
Eric Piatkowski,Clippers,1999-2000,REG,75,30.72,24.78,10.30,22.51,5.58,6.11,0.00,0.398,0.359,0.339,0.574,0.375,0.314,0.000
Grant Long,Grizzlies,1999-2000,REG,42,1.80,46.71,16.17,34.73,0.60,0.00,0.00,0.000,0.321,0.370,0.672,0.000,0.000,0.000
Todd MacCulloch,76ers,1999-2000,REG,56,0.00,19.25,25.47,55.28,0.00,0.00,0.00,0.000,0.258,0.390,0.730,0.000,0.000,0.000
Lari Ketner,"Bulls, Cavaliers",1999-2000,REG,21,0.00,25.00,34.38,40.63,0.00,0.00,0.00,0.000,0.250,0.273,0.615,0.000,0.000,0.000
Rodney Buford,Heat,1999-2000,REG,34,11.92,45.03,11.26,24.50,3.97,3.31,0.00,0.056,0.368,0.353,0.649,0.500,0.600,0.000
Tim Young,Warriors,1999-2000,REG,25,0.00,33.33,41.03,25.64,0.00,0.00,0.00,0.000,0.385,0.188,0.500,0.000,0.000,0.000
Harold Jamison,Heat,1999-2000,REG,12,0.00,5.00,15.00,80.00,0.00,0.00,0.00,0.000,0.000,0.000,0.438,0.000,0.000,0.000
Wayne Turner,Celtics,1999-2000,REG,3,0.00,50.00,33.33,16.67,0.00,0.00,0.00,0.000,0.000,0.500,0.000,0.000,0.000,0.000
Eddie Robinson,Hornets,1999-2000,REG,67,0.26,57.51,13.21,28.24,0.26,0.52,0.00,0.000,0.455,0.549,0.761,0.000,0.000,0.000
Lazaro Borrell,SuperSonics,1999-2000,REG,16,4.76,47.62,14.29,33.33,0.00,0.00,0.00,0.000,0.333,0.222,0.762,0.000,0.000,0.000
Jason Miskiri,Hornets,1999-2000,REG,1,100.00,0.00,0.00,0.00,0.00,0.00,0.00,0.000,0.000,0.000,0.000,0.000,0.000,0.000
Milt Palacio,Grizzlies,1999-2000,REG,52,2.04,32.65,18.37,46.94,0.00,0.00,0.00,0.000,0.281,0.389,0.587,0.000,0.000,0.000
Rick Hughes,Mavericks,1999-2000,REG,21,1.39,30.56,23.61,44.44,0.00,0.00,0.00,0.000,0.409,0.353,0.625,0.000,0.000,0.000
Derek Hood,Hornets,1999-2000,REG,2,0.00,66.67,0.00,33.33,0.00,0.00,0.00,0.000,0.000,0.000,0.000,0.000,0.000,0.000
Jamel Thomas,"Celtics, Warriors",1999-2000,REG,7,0.00,55.56,5.56,22.22,5.56,11.11,0.00,0.000,0.400,0.000,1.000,0.000,0.000,0.000
Jermaine Jackson,Pistons,1999-2000,REG,7,0.00,45.45,9.09,36.36,0.00,0.00,9.09,0.000,0.000,0.000,0.250,0.000,0.000,0.000
Dedric Willoughby,Bulls,1999-2000,REG,25,45.25,26.26,7.26,11.73,2.79,6.70,0.00,0.296,0.404,0.308,0.429,0.200,0.333,0.000
